path	classification	evidence_scope
.coveragerc	UNKNOWN	tracked-file inventory; retained pending complete runtime-caller evidence
.covprobe.vm.pid2096.Xfn05yqx.HNQIp837rWOh	UNKNOWN	tracked-file inventory; retained pending complete runtime-caller evidence
.gitattributes	UNKNOWN	tracked-file inventory; retained pending complete runtime-caller evidence
.github/workflows/ci.yml	IN_USE	imports, string paths, scripts, workflows, tests, routes, and docs reviewed
.github/workflows/deploy.yml	IN_USE	imports, string paths, scripts, workflows, tests, routes, and docs reviewed
.github/workflows/pipeline.yml	IN_USE	imports, string paths, scripts, workflows, tests, routes, and docs reviewed
.github/workflows/preopen-capture.yml	IN_USE	imports, string paths, scripts, workflows, tests, routes, and docs reviewed
.github/workflows/sbi-notes.yml	IN_USE	imports, string paths, scripts, workflows, tests, routes, and docs reviewed
.github/workflows_disabled/candle-purge.yml	UNKNOWN	tracked-file inventory; retained pending complete runtime-caller evidence
.github/workflows_disabled/delivery-daily.yml	UNKNOWN	tracked-file inventory; retained pending complete runtime-caller evidence
.github/workflows_disabled/delivery-purge.yml	UNKNOWN	tracked-file inventory; retained pending complete runtime-caller evidence
.github/workflows_disabled/ipo-chittorgarh-import.yml	UNKNOWN	tracked-file inventory; retained pending complete runtime-caller evidence
.github/workflows_disabled/ipo-daily.yml	UNKNOWN	tracked-file inventory; retained pending complete runtime-caller evidence
.github/workflows_disabled/ipo-live.yml	UNKNOWN	tracked-file inventory; retained pending complete runtime-caller evidence
.github/workflows_disabled/ipo-pipeline.yml	UNKNOWN	tracked-file inventory; retained pending complete runtime-caller evidence
.github/workflows_disabled/kite-token-refresh.yml	UNKNOWN	tracked-file inventory; retained pending complete runtime-caller evidence
.github/workflows_disabled/listing-day.yml	UNKNOWN	tracked-file inventory; retained pending complete runtime-caller evidence
.github/workflows_disabled/mf-conviction-refresh.yml	UNKNOWN	tracked-file inventory; retained pending complete runtime-caller evidence
.github/workflows_disabled/multibagger-similarity.yml	UNKNOWN	tracked-file inventory; retained pending complete runtime-caller evidence
.github/workflows_disabled/on-demand-commentary.yml	UNKNOWN	tracked-file inventory; retained pending complete runtime-caller evidence
.github/workflows_disabled/quarterly-backfill.yml	UNKNOWN	tracked-file inventory; retained pending complete runtime-caller evidence
.github/workflows_disabled/schema-sync.yml	UNKNOWN	tracked-file inventory; retained pending complete runtime-caller evidence
.github/workflows_disabled/screener-refresh.yml	UNKNOWN	tracked-file inventory; retained pending complete runtime-caller evidence
.github/workflows_disabled/shareholding.yml	UNKNOWN	tracked-file inventory; retained pending complete runtime-caller evidence
.github/workflows_disabled/weekly-deep.yml	UNKNOWN	tracked-file inventory; retained pending complete runtime-caller evidence
.gitignore	UNKNOWN	tracked-file inventory; retained pending complete runtime-caller evidence
BATCH-COMMANDS.md	UNKNOWN	tracked-file inventory; retained pending complete runtime-caller evidence
CLEANUP_REPORT.md	UNKNOWN	tracked-file inventory; retained pending complete runtime-caller evidence
DAILY_RUN.ps1	UNKNOWN	tracked-file inventory; retained pending complete runtime-caller evidence
DATA_ARCHITECTURE.md	UNKNOWN	tracked-file inventory; retained pending complete runtime-caller evidence
DEPLOY_IPO_SCRAPERS.ps1	UNKNOWN	tracked-file inventory; retained pending complete runtime-caller evidence
FEATURE_TRACKER.md	UNKNOWN	tracked-file inventory; retained pending complete runtime-caller evidence
IPO_BUSINESS_REQUIREMENTS.md	UNKNOWN	tracked-file inventory; retained pending complete runtime-caller evidence
LISTING_DAY.ps1	UNKNOWN	tracked-file inventory; retained pending complete runtime-caller evidence
MORNING_RUN.ps1	UNKNOWN	tracked-file inventory; retained pending complete runtime-caller evidence
PIPELINE_SPEC.md	UNKNOWN	tracked-file inventory; retained pending complete runtime-caller evidence
README.md	IN_USE	imports, string paths, scripts, workflows, tests, routes, and docs reviewed
RUN_IPO_PIPELINE.ps1	UNKNOWN	tracked-file inventory; retained pending complete runtime-caller evidence
RUN_STEP1.bat	UNKNOWN	tracked-file inventory; retained pending complete runtime-caller evidence
RUN_STEP2.bat	UNKNOWN	tracked-file inventory; retained pending complete runtime-caller evidence
RUN_STEP3.bat	UNKNOWN	tracked-file inventory; retained pending complete runtime-caller evidence
RUN_STEP4.bat	UNKNOWN	tracked-file inventory; retained pending complete runtime-caller evidence
SCHEMA.md	UNKNOWN	tracked-file inventory; retained pending complete runtime-caller evidence
SETUP.bat	UNKNOWN	tracked-file inventory; retained pending complete runtime-caller evidence
_archive/DB_REBUILD_PLAN.md	SUPERSEDED	imports, string paths, scripts, workflows, tests, routes, and docs reviewed
_archive/_scripts/_check_coverage.py	SUPERSEDED	imports, string paths, scripts, workflows, tests, routes, and docs reviewed
_archive/_scripts/_check_turtlemint.py	SUPERSEDED	imports, string paths, scripts, workflows, tests, routes, and docs reviewed
_archive/_scripts/amfi/download_5yr_portfolios.py	SUPERSEDED	imports, string paths, scripts, workflows, tests, routes, and docs reviewed
_archive/_scripts/amfi/download_target_fund_portfolios.py	SUPERSEDED	imports, string paths, scripts, workflows, tests, routes, and docs reviewed
_archive/_scripts/anchor_analysis.py	SUPERSEDED	imports, string paths, scripts, workflows, tests, routes, and docs reviewed
_archive/_scripts/apply_prod_schema.py	SUPERSEDED	imports, string paths, scripts, workflows, tests, routes, and docs reviewed
_archive/_scripts/audit_db_tables.py	SUPERSEDED	imports, string paths, scripts, workflows, tests, routes, and docs reviewed
_archive/_scripts/backtest_convergence.py	SUPERSEDED	imports, string paths, scripts, workflows, tests, routes, and docs reviewed
_archive/_scripts/backtest_dna_longhorizon.py	SUPERSEDED	imports, string paths, scripts, workflows, tests, routes, and docs reviewed
_archive/_scripts/backtest_screener.py	SUPERSEDED	imports, string paths, scripts, workflows, tests, routes, and docs reviewed
_archive/_scripts/build_isin_symbol_map.py	SUPERSEDED	imports, string paths, scripts, workflows, tests, routes, and docs reviewed
_archive/_scripts/build_purge_plan.py	SUPERSEDED	imports, string paths, scripts, workflows, tests, routes, and docs reviewed
_archive/_scripts/check_abcapital.py	SUPERSEDED	imports, string paths, scripts, workflows, tests, routes, and docs reviewed
_archive/_scripts/check_brlm_scores.py	SUPERSEDED	imports, string paths, scripts, workflows, tests, routes, and docs reviewed
_archive/_scripts/check_cols.py	SUPERSEDED	imports, string paths, scripts, workflows, tests, routes, and docs reviewed
_archive/_scripts/check_mf.py	SUPERSEDED	imports, string paths, scripts, workflows, tests, routes, and docs reviewed
_archive/_scripts/check_upcoming_ipos.py	SUPERSEDED	imports, string paths, scripts, workflows, tests, routes, and docs reviewed
_archive/_scripts/check_views.py	SUPERSEDED	imports, string paths, scripts, workflows, tests, routes, and docs reviewed
_archive/_scripts/check_views3.py	SUPERSEDED	imports, string paths, scripts, workflows, tests, routes, and docs reviewed
_archive/_scripts/clean_target_funds.py	SUPERSEDED	imports, string paths, scripts, workflows, tests, routes, and docs reviewed
_archive/_scripts/close_in_range.py	SUPERSEDED	imports, string paths, scripts, workflows, tests, routes, and docs reviewed
_archive/_scripts/compute_candle_returns.py	SUPERSEDED	imports, string paths, scripts, workflows, tests, routes, and docs reviewed
_archive/_scripts/compute_convergence_ranking.py	SUPERSEDED	imports, string paths, scripts, workflows, tests, routes, and docs reviewed
_archive/_scripts/compute_descriptors.py	SUPERSEDED	imports, string paths, scripts, workflows, tests, routes, and docs reviewed
_archive/_scripts/compute_financial_dna.py	SUPERSEDED	imports, string paths, scripts, workflows, tests, routes, and docs reviewed
_archive/_scripts/compute_institutional_flow.py	SUPERSEDED	imports, string paths, scripts, workflows, tests, routes, and docs reviewed
_archive/_scripts/compute_technical_features.py	SUPERSEDED	imports, string paths, scripts, workflows, tests, routes, and docs reviewed
_archive/_scripts/compute_valuation.py	SUPERSEDED	imports, string paths, scripts, workflows, tests, routes, and docs reviewed
_archive/_scripts/data_coverage_report.py	SUPERSEDED	imports, string paths, scripts, workflows, tests, routes, and docs reviewed
_archive/_scripts/db_audit.py	SUPERSEDED	imports, string paths, scripts, workflows, tests, routes, and docs reviewed
_archive/_scripts/debug_kite.py	SUPERSEDED	imports, string paths, scripts, workflows, tests, routes, and docs reviewed
_archive/_scripts/dedupe_deals.py	SUPERSEDED	imports, string paths, scripts, workflows, tests, routes, and docs reviewed
_archive/_scripts/download_screener_playwright.py	SUPERSEDED	imports, string paths, scripts, workflows, tests, routes, and docs reviewed
_archive/_scripts/engines/compute_sector_rotation.py	SUPERSEDED	imports, string paths, scripts, workflows, tests, routes, and docs reviewed
_archive/_scripts/engines/compute_smart_money.py	SUPERSEDED	imports, string paths, scripts, workflows, tests, routes, and docs reviewed
_archive/_scripts/engines/historical_multibagger_miner.ts.txt	SUPERSEDED	imports, string paths, scripts, workflows, tests, routes, and docs reviewed
_archive/_scripts/engines/indicator_calculator.ts.txt	SUPERSEDED	imports, string paths, scripts, workflows, tests, routes, and docs reviewed
_archive/_scripts/engines/multibagger_screener.ts.txt	SUPERSEDED	imports, string paths, scripts, workflows, tests, routes, and docs reviewed
_archive/_scripts/engines/multibagger_similarity_engine.ts.txt	SUPERSEDED	imports, string paths, scripts, workflows, tests, routes, and docs reviewed
_archive/_scripts/fetch_fii_dii.py	SUPERSEDED	imports, string paths, scripts, workflows, tests, routes, and docs reviewed
_archive/_scripts/fetch_institutional_deals.py	SUPERSEDED	imports, string paths, scripts, workflows, tests, routes, and docs reviewed
_archive/_scripts/fill_vix_empty.py	SUPERSEDED	imports, string paths, scripts, workflows, tests, routes, and docs reviewed
_archive/_scripts/filter_target_mf_holdings.py	SUPERSEDED	imports, string paths, scripts, workflows, tests, routes, and docs reviewed
_archive/_scripts/find_missing_financials.py	SUPERSEDED	imports, string paths, scripts, workflows, tests, routes, and docs reviewed
_archive/_scripts/fix_abcapital_data.py	SUPERSEDED	imports, string paths, scripts, workflows, tests, routes, and docs reviewed
_archive/_scripts/fix_listing_day_close.py	SUPERSEDED	imports, string paths, scripts, workflows, tests, routes, and docs reviewed
_archive/_scripts/fix_nse_symbols.py	SUPERSEDED	imports, string paths, scripts, workflows, tests, routes, and docs reviewed
_archive/_scripts/fix_upcoming_ipos.py	SUPERSEDED	imports, string paths, scripts, workflows, tests, routes, and docs reviewed
_archive/_scripts/generate_signals.py	SUPERSEDED	imports, string paths, scripts, workflows, tests, routes, and docs reviewed
_archive/_scripts/import_bulk_block_history.py	SUPERSEDED	imports, string paths, scripts, workflows, tests, routes, and docs reviewed
_archive/_scripts/import_fundamentals.py	SUPERSEDED	imports, string paths, scripts, workflows, tests, routes, and docs reviewed
_archive/_scripts/import_mf_from_excel.py	SUPERSEDED	imports, string paths, scripts, workflows, tests, routes, and docs reviewed
_archive/_scripts/import_screener_financials.py	SUPERSEDED	imports, string paths, scripts, workflows, tests, routes, and docs reviewed
_archive/_scripts/import_screener_quarters.py	SUPERSEDED	imports, string paths, scripts, workflows, tests, routes, and docs reviewed
_archive/_scripts/listing_day_signals.py	SUPERSEDED	imports, string paths, scripts, workflows, tests, routes, and docs reviewed
_archive/_scripts/load_mf_excel_holdings.py	SUPERSEDED	imports, string paths, scripts, workflows, tests, routes, and docs reviewed
_archive/_scripts/match_anchor_deals.py	SUPERSEDED	imports, string paths, scripts, workflows, tests, routes, and docs reviewed
_archive/_scripts/mf/canonicalize_mf_schemes.py	SUPERSEDED	imports, string paths, scripts, workflows, tests, routes, and docs reviewed
_archive/_scripts/mf/compute_mf_conviction_flags.py	SUPERSEDED	imports, string paths, scripts, workflows, tests, routes, and docs reviewed
_archive/_scripts/mf/fetch_amc_disclosure.py	SUPERSEDED	imports, string paths, scripts, workflows, tests, routes, and docs reviewed
_archive/_scripts/mf/load_mf_holdings_csv.py	SUPERSEDED	imports, string paths, scripts, workflows, tests, routes, and docs reviewed
_archive/_scripts/mf/load_target_csv_to_neon.py	SUPERSEDED	imports, string paths, scripts, workflows, tests, routes, and docs reviewed
_archive/_scripts/mf/mf_accumulation_backtest.py	SUPERSEDED	imports, string paths, scripts, workflows, tests, routes, and docs reviewed
_archive/_scripts/mf/mf_freshness_monitor.py	SUPERSEDED	imports, string paths, scripts, workflows, tests, routes, and docs reviewed
_archive/_scripts/mf/parse_mf_portfolios.py	SUPERSEDED	imports, string paths, scripts, workflows, tests, routes, and docs reviewed
_archive/_scripts/mf/parse_sbi_portfolios.py	SUPERSEDED	imports, string paths, scripts, workflows, tests, routes, and docs reviewed
_archive/_scripts/mf/reconcile_mf_disclosures.py	SUPERSEDED	imports, string paths, scripts, workflows, tests, routes, and docs reviewed
_archive/_scripts/mf/split_amc_workbook.py	SUPERSEDED	imports, string paths, scripts, workflows, tests, routes, and docs reviewed
_archive/_scripts/migrate_neon_to_local.py	SUPERSEDED	imports, string paths, scripts, workflows, tests, routes, and docs reviewed
_archive/_scripts/ml/train_multibagger_model.py	SUPERSEDED	imports, string paths, scripts, workflows, tests, routes, and docs reviewed
_archive/_scripts/momentum_backtest.py	SUPERSEDED	imports, string paths, scripts, workflows, tests, routes, and docs reviewed
_archive/_scripts/null_triage.py	SUPERSEDED	imports, string paths, scripts, workflows, tests, routes, and docs reviewed
_archive/_scripts/patch_play_selector.py	SUPERSEDED	imports, string paths, scripts, workflows, tests, routes, and docs reviewed
_archive/_scripts/populate_company_master.py	SUPERSEDED	imports, string paths, scripts, workflows, tests, routes, and docs reviewed
_archive/_scripts/pre_subscription_score.py	SUPERSEDED	imports, string paths, scripts, workflows, tests, routes, and docs reviewed
_archive/_scripts/prod/management_commentary_pipeline.py	SUPERSEDED	imports, string paths, scripts, workflows, tests, routes, and docs reviewed
_archive/_scripts/purge_automation.py	SUPERSEDED	imports, string paths, scripts, workflows, tests, routes, and docs reviewed
_archive/_scripts/purge_management_commentary.py	SUPERSEDED	imports, string paths, scripts, workflows, tests, routes, and docs reviewed
_archive/_scripts/purge_old_delivery.py	SUPERSEDED	imports, string paths, scripts, workflows, tests, routes, and docs reviewed
_archive/_scripts/purge_to_local.py	SUPERSEDED	imports, string paths, scripts, workflows, tests, routes, and docs reviewed
_archive/_scripts/real_return_analysis_v2.py	SUPERSEDED	imports, string paths, scripts, workflows, tests, routes, and docs reviewed
_archive/_scripts/reconcile_universe.py	SUPERSEDED	imports, string paths, scripts, workflows, tests, routes, and docs reviewed
_archive/_scripts/score_management_commentary.py	SUPERSEDED	imports, string paths, scripts, workflows, tests, routes, and docs reviewed
_archive/_scripts/scrape_amfi.py	SUPERSEDED	imports, string paths, scripts, workflows, tests, routes, and docs reviewed
_archive/_scripts/scrape_mf_yahoo.py	SUPERSEDED	imports, string paths, scripts, workflows, tests, routes, and docs reviewed
_archive/_scripts/scrape_shareholding.py	SUPERSEDED	imports, string paths, scripts, workflows, tests, routes, and docs reviewed
_archive/_scripts/screener-pipeline.ts.txt	SUPERSEDED	imports, string paths, scripts, workflows, tests, routes, and docs reviewed
_archive/_scripts/smart_money_avoidance_backtest.py	SUPERSEDED	imports, string paths, scripts, workflows, tests, routes, and docs reviewed
_archive/_scripts/smart_money_backtest.py	SUPERSEDED	imports, string paths, scripts, workflows, tests, routes, and docs reviewed
_archive/_scripts/snapshot_convergence.py	SUPERSEDED	imports, string paths, scripts, workflows, tests, routes, and docs reviewed
_archive/_scripts/stock_quality_flags.py	SUPERSEDED	imports, string paths, scripts, workflows, tests, routes, and docs reviewed
_archive/_scripts/sync-signals-to-neon.ts.txt	SUPERSEDED	imports, string paths, scripts, workflows, tests, routes, and docs reviewed
_archive/_scripts/sync_candles_to_neon.py	SUPERSEDED	imports, string paths, scripts, workflows, tests, routes, and docs reviewed
_archive/_scripts/test_post_listing.py	SUPERSEDED	imports, string paths, scripts, workflows, tests, routes, and docs reviewed
_archive/_scripts/validate_mf_csv.py	SUPERSEDED	imports, string paths, scripts, workflows, tests, routes, and docs reviewed
_archive/_scripts/validate_target_mf_csv.py	SUPERSEDED	imports, string paths, scripts, workflows, tests, routes, and docs reviewed
_archive/api-broker-holdings-route.ts.txt	SUPERSEDED	imports, string paths, scripts, workflows, tests, routes, and docs reviewed
_archive/api-broker-positions-route.ts.txt	SUPERSEDED	imports, string paths, scripts, workflows, tests, routes, and docs reviewed
_archive/api-market-live-route.ts.txt	SUPERSEDED	imports, string paths, scripts, workflows, tests, routes, and docs reviewed
_archive/api-search-route.ts.txt	SUPERSEDED	imports, string paths, scripts, workflows, tests, routes, and docs reviewed
_archive/audit_signals.py	SUPERSEDED	imports, string paths, scripts, workflows, tests, routes, and docs reviewed
_archive/build_errors.txt	SUPERSEDED	imports, string paths, scripts, workflows, tests, routes, and docs reviewed
_archive/calculator_returns.py	SUPERSEDED	imports, string paths, scripts, workflows, tests, routes, and docs reviewed
_archive/check_candles.py	SUPERSEDED	imports, string paths, scripts, workflows, tests, routes, and docs reviewed
_archive/check_neon.py	SUPERSEDED	imports, string paths, scripts, workflows, tests, routes, and docs reviewed
_archive/cloudflare_migration_plan.md	SUPERSEDED	imports, string paths, scripts, workflows, tests, routes, and docs reviewed
_archive/components/IpoFeatureQuality.tsx	SUPERSEDED	imports, string paths, scripts, workflows, tests, routes, and docs reviewed
_archive/components/IpoLevelPanel.tsx	SUPERSEDED	imports, string paths, scripts, workflows, tests, routes, and docs reviewed
_archive/components/IpoLiveTickPanel.tsx	SUPERSEDED	imports, string paths, scripts, workflows, tests, routes, and docs reviewed
_archive/components/IpoSimilarList.tsx	SUPERSEDED	imports, string paths, scripts, workflows, tests, routes, and docs reviewed
_archive/components/Loader.tsx	SUPERSEDED	imports, string paths, scripts, workflows, tests, routes, and docs reviewed
_archive/components/Ring.tsx	SUPERSEDED	imports, string paths, scripts, workflows, tests, routes, and docs reviewed
_archive/components/SubTabs.tsx	SUPERSEDED	imports, string paths, scripts, workflows, tests, routes, and docs reviewed
_archive/components/global-markets-strip.tsx	SUPERSEDED	imports, string paths, scripts, workflows, tests, routes, and docs reviewed
_archive/components/ipo-playbook.tsx	SUPERSEDED	imports, string paths, scripts, workflows, tests, routes, and docs reviewed
_archive/components/settings-tab.tsx	SUPERSEDED	imports, string paths, scripts, workflows, tests, routes, and docs reviewed
_archive/components/zerodha-status-banner.tsx	SUPERSEDED	imports, string paths, scripts, workflows, tests, routes, and docs reviewed
_archive/cron-monitor.tsx	SUPERSEDED	imports, string paths, scripts, workflows, tests, routes, and docs reviewed
_archive/debug_kite.py	SUPERSEDED	imports, string paths, scripts, workflows, tests, routes, and docs reviewed
_archive/diag.py	SUPERSEDED	imports, string paths, scripts, workflows, tests, routes, and docs reviewed
_archive/done.py	SUPERSEDED	imports, string paths, scripts, workflows, tests, routes, and docs reviewed
_archive/final_fix.py	SUPERSEDED	imports, string paths, scripts, workflows, tests, routes, and docs reviewed
_archive/final_fix2.py	SUPERSEDED	imports, string paths, scripts, workflows, tests, routes, and docs reviewed
_archive/fix_audit.py	SUPERSEDED	imports, string paths, scripts, workflows, tests, routes, and docs reviewed
_archive/get_cols.py	SUPERSEDED	imports, string paths, scripts, workflows, tests, routes, and docs reviewed
_archive/golden_symbol_review.csv	SUPERSEDED	imports, string paths, scripts, workflows, tests, routes, and docs reviewed
_archive/lib-realStockData.ts.txt	SUPERSEDED	imports, string paths, scripts, workflows, tests, routes, and docs reviewed
_archive/lib/ai-index.ts.txt	SUPERSEDED	imports, string paths, scripts, workflows, tests, routes, and docs reviewed
_archive/lib/constants-stocks.ts.txt	SUPERSEDED	imports, string paths, scripts, workflows, tests, routes, and docs reviewed
_archive/lib/design-tokens-dir.ts.txt	SUPERSEDED	imports, string paths, scripts, workflows, tests, routes, and docs reviewed
_archive/lib/design-tokens.ts.txt	SUPERSEDED	imports, string paths, scripts, workflows, tests, routes, and docs reviewed
_archive/lib/intelligence-amfi-score.ts.txt	SUPERSEDED	imports, string paths, scripts, workflows, tests, routes, and docs reviewed
_archive/lib/intelligence-commentary-score.ts.txt	SUPERSEDED	imports, string paths, scripts, workflows, tests, routes, and docs reviewed
_archive/lib/intelligence-earnings-score.ts.txt	SUPERSEDED	imports, string paths, scripts, workflows, tests, routes, and docs reviewed
_archive/lib/intelligence-historical-similarity.ts.txt	SUPERSEDED	imports, string paths, scripts, workflows, tests, routes, and docs reviewed
_archive/lib/intelligence-market-quality.ts.txt	SUPERSEDED	imports, string paths, scripts, workflows, tests, routes, and docs reviewed
_archive/lib/intelligence-types.ts.txt	SUPERSEDED	imports, string paths, scripts, workflows, tests, routes, and docs reviewed
_archive/lib/ipo-anchors.ts.txt	SUPERSEDED	imports, string paths, scripts, workflows, tests, routes, and docs reviewed
_archive/lib/ipo-gmp-disappointment.ts.txt	SUPERSEDED	imports, string paths, scripts, workflows, tests, routes, and docs reviewed
_archive/lib/ipo-pipeline.ts.txt	SUPERSEDED	imports, string paths, scripts, workflows, tests, routes, and docs reviewed
_archive/lib/ipo-scoring.ts.txt	SUPERSEDED	imports, string paths, scripts, workflows, tests, routes, and docs reviewed
_archive/lib/ipo-tape.ts.txt	SUPERSEDED	imports, string paths, scripts, workflows, tests, routes, and docs reviewed
_archive/lib/ipoSignal.ts.txt	SUPERSEDED	imports, string paths, scripts, workflows, tests, routes, and docs reviewed
_archive/lib/providers-index.ts.txt	SUPERSEDED	imports, string paths, scripts, workflows, tests, routes, and docs reviewed
_archive/lib/providers-interface.ts.txt	SUPERSEDED	imports, string paths, scripts, workflows, tests, routes, and docs reviewed
_archive/lib/providers-nse.ts.txt	SUPERSEDED	imports, string paths, scripts, workflows, tests, routes, and docs reviewed
_archive/lib/providers-simulated.ts.txt	SUPERSEDED	imports, string paths, scripts, workflows, tests, routes, and docs reviewed
_archive/lib/providers-yahoo.ts.txt	SUPERSEDED	imports, string paths, scripts, workflows, tests, routes, and docs reviewed
_archive/lib/scrapers-index.ts.txt	SUPERSEDED	imports, string paths, scripts, workflows, tests, routes, and docs reviewed
_archive/lib/watchlist.ts.txt	SUPERSEDED	imports, string paths, scripts, workflows, tests, routes, and docs reviewed
_archive/lib/workboard-config.ts.txt	SUPERSEDED	imports, string paths, scripts, workflows, tests, routes, and docs reviewed
_archive/migration_phase0_inventory.md	SUPERSEDED	imports, string paths, scripts, workflows, tests, routes, and docs reviewed
_archive/missing_financials.csv	SUPERSEDED	imports, string paths, scripts, workflows, tests, routes, and docs reviewed
_archive/missing_financials_to_fetch.txt	SUPERSEDED	imports, string paths, scripts, workflows, tests, routes, and docs reviewed
_archive/pages/IPOCommandCenterClient.tsx.txt	SUPERSEDED	imports, string paths, scripts, workflows, tests, routes, and docs reviewed
_archive/pages/IpoCapitalProtectionPanel.tsx.txt	SUPERSEDED	imports, string paths, scripts, workflows, tests, routes, and docs reviewed
_archive/pages/IpoCommandCenter.tsx.txt	SUPERSEDED	imports, string paths, scripts, workflows, tests, routes, and docs reviewed
_archive/pages/IpoSignalCard.tsx.txt	SUPERSEDED	imports, string paths, scripts, workflows, tests, routes, and docs reviewed
_archive/pages/PostListingDashboard.tsx.txt	SUPERSEDED	imports, string paths, scripts, workflows, tests, routes, and docs reviewed
_archive/pages/TrackerClient.tsx.txt	SUPERSEDED	imports, string paths, scripts, workflows, tests, routes, and docs reviewed
_archive/pages/app-today-page.tsx.txt	SUPERSEDED	imports, string paths, scripts, workflows, tests, routes, and docs reviewed
_archive/pages/components-ipo_play_selector.py.txt	SUPERSEDED	imports, string paths, scripts, workflows, tests, routes, and docs reviewed
_archive/pages/dashboard-ipo-page.tsx.txt	SUPERSEDED	imports, string paths, scripts, workflows, tests, routes, and docs reviewed
_archive/pages/dashboard-tracker-page.tsx.txt	SUPERSEDED	imports, string paths, scripts, workflows, tests, routes, and docs reviewed
_archive/pages/today-screen.tsx.txt	SUPERSEDED	imports, string paths, scripts, workflows, tests, routes, and docs reviewed
_archive/routes/api-cron-premarket-brief-route.ts.txt	SUPERSEDED	imports, string paths, scripts, workflows, tests, routes, and docs reviewed
_archive/routes/api-db-init-route.ts.txt	SUPERSEDED	imports, string paths, scripts, workflows, tests, routes, and docs reviewed
_archive/routes/api-ipo-drhp-route.ts.txt	SUPERSEDED	imports, string paths, scripts, workflows, tests, routes, and docs reviewed
_archive/routes/api-ipo-gmp-refresh-route.ts.txt	SUPERSEDED	imports, string paths, scripts, workflows, tests, routes, and docs reviewed
_archive/routes/api-ipo-gmp-route.ts.txt	SUPERSEDED	imports, string paths, scripts, workflows, tests, routes, and docs reviewed
_archive/routes/api-ipo-intelligence-route.ts.txt	SUPERSEDED	imports, string paths, scripts, workflows, tests, routes, and docs reviewed
_archive/routes/api-ipo-levels-route.ts.txt	SUPERSEDED	imports, string paths, scripts, workflows, tests, routes, and docs reviewed
_archive/routes/api-ipo-listing-day-route.ts.txt	SUPERSEDED	imports, string paths, scripts, workflows, tests, routes, and docs reviewed
_archive/routes/api-ipo-memo-route.ts.txt	SUPERSEDED	imports, string paths, scripts, workflows, tests, routes, and docs reviewed
_archive/routes/api-ipo-scrape-route.ts.txt	SUPERSEDED	imports, string paths, scripts, workflows, tests, routes, and docs reviewed
_archive/routes/api-ipo-subscription-route.ts.txt	SUPERSEDED	imports, string paths, scripts, workflows, tests, routes, and docs reviewed
_archive/routes/api-ipo-tape-route.ts.txt	SUPERSEDED	imports, string paths, scripts, workflows, tests, routes, and docs reviewed
_archive/routes/api-ipo-upload-route.ts.txt	SUPERSEDED	imports, string paths, scripts, workflows, tests, routes, and docs reviewed
_archive/routes/api-pipeline-status-route.ts.txt	SUPERSEDED	imports, string paths, scripts, workflows, tests, routes, and docs reviewed
_archive/routes/api-tracker-route.ts.txt	SUPERSEDED	imports, string paths, scripts, workflows, tests, routes, and docs reviewed
_archive/sbi_api.json	SUPERSEDED	imports, string paths, scripts, workflows, tests, routes, and docs reviewed
_archive/scrape_gmp_stealth.py	SUPERSEDED	imports, string paths, scripts, workflows, tests, routes, and docs reviewed
_archive/scrape_gmp_with_cookie.py	SUPERSEDED	imports, string paths, scripts, workflows, tests, routes, and docs reviewed
_archive/scrape_ipo_gmp_and_details.py	SUPERSEDED	imports, string paths, scripts, workflows, tests, routes, and docs reviewed
_archive/sync_and_check.py	SUPERSEDED	imports, string paths, scripts, workflows, tests, routes, and docs reviewed
_archive/sync_ipo_data.py	SUPERSEDED	imports, string paths, scripts, workflows, tests, routes, and docs reviewed
_archive/test_mb.py	SUPERSEDED	imports, string paths, scripts, workflows, tests, routes, and docs reviewed
_archive/test_queries.py	SUPERSEDED	imports, string paths, scripts, workflows, tests, routes, and docs reviewed
_archive/useMarketData.ts.txt	SUPERSEDED	imports, string paths, scripts, workflows, tests, routes, and docs reviewed
_archive/verify_signals.py	SUPERSEDED	imports, string paths, scripts, workflows, tests, routes, and docs reviewed
_output/enricher_v2.log	UNKNOWN	tracked-file inventory; retained pending complete runtime-caller evidence
_scripts/.deploy-trigger	UNKNOWN	tracked-file inventory; retained pending complete runtime-caller evidence
_scripts/VERIFY_V2.md	UNKNOWN	tracked-file inventory; retained pending complete runtime-caller evidence
_scripts/__init__.py	UNKNOWN	tracked-file inventory; retained pending complete runtime-caller evidence
_scripts/add_password_hash.sql	IN_USE	imports, string paths, scripts, workflows, tests, routes, and docs reviewed
_scripts/anchor_quality_d5.py	UNKNOWN	tracked-file inventory; retained pending complete runtime-caller evidence
_scripts/anchor_quality_regression.py	UNKNOWN	tracked-file inventory; retained pending complete runtime-caller evidence
_scripts/anchor_threshold_test.py	UNKNOWN	tracked-file inventory; retained pending complete runtime-caller evidence
_scripts/backfill/download-screener-csv.ts	UNKNOWN	tracked-file inventory; retained pending complete runtime-caller evidence
_scripts/backfill_anchors_and_test.py	UNKNOWN	tracked-file inventory; retained pending complete runtime-caller evidence
_scripts/backfill_anchors_api.py	UNKNOWN	tracked-file inventory; retained pending complete runtime-caller evidence
_scripts/backfill_anchors_slug.py	UNKNOWN	tracked-file inventory; retained pending complete runtime-caller evidence
_scripts/backfill_eps_post.py	UNKNOWN	tracked-file inventory; retained pending complete runtime-caller evidence
_scripts/backfill_listing_minutes.py	UNKNOWN	tracked-file inventory; retained pending complete runtime-caller evidence
_scripts/backfill_listing_window_candles.py	UNKNOWN	tracked-file inventory; retained pending complete runtime-caller evidence
_scripts/backfill_market_regimes.py	UNKNOWN	tracked-file inventory; retained pending complete runtime-caller evidence
_scripts/backfill_master_computables.py	UNKNOWN	tracked-file inventory; retained pending complete runtime-caller evidence
_scripts/backfill_price_candles.py	UNKNOWN	tracked-file inventory; retained pending complete runtime-caller evidence
_scripts/backup_critical_tables.py	UNKNOWN	tracked-file inventory; retained pending complete runtime-caller evidence
_scripts/check-env.ts	UNKNOWN	tracked-file inventory; retained pending complete runtime-caller evidence
_scripts/check-neon-storage.ts	UNKNOWN	tracked-file inventory; retained pending complete runtime-caller evidence
_scripts/checkcols.py	UNKNOWN	tracked-file inventory; retained pending complete runtime-caller evidence
_scripts/chittorgarh_recon.py	UNKNOWN	tracked-file inventory; retained pending complete runtime-caller evidence
_scripts/cir_forward_test.py	UNKNOWN	tracked-file inventory; retained pending complete runtime-caller evidence
_scripts/clean_data_tests.py	UNKNOWN	tracked-file inventory; retained pending complete runtime-caller evidence
_scripts/compute_d10.py	UNKNOWN	tracked-file inventory; retained pending complete runtime-caller evidence
_scripts/compute_earnings_estimates.py	UNKNOWN	tracked-file inventory; retained pending complete runtime-caller evidence
_scripts/compute_earnings_surprise.py	UNKNOWN	tracked-file inventory; retained pending complete runtime-caller evidence
_scripts/compute_flags.py	UNKNOWN	tracked-file inventory; retained pending complete runtime-caller evidence
_scripts/compute_journal_outcomes.py	UNKNOWN	tracked-file inventory; retained pending complete runtime-caller evidence
_scripts/compute_quality_score.py	UNKNOWN	tracked-file inventory; retained pending complete runtime-caller evidence
_scripts/compute_verdicts.py	UNKNOWN	tracked-file inventory; retained pending complete runtime-caller evidence
_scripts/data_quality_audit.py	UNKNOWN	tracked-file inventory; retained pending complete runtime-caller evidence
_scripts/dedup_merge.py	UNKNOWN	tracked-file inventory; retained pending complete runtime-caller evidence
_scripts/dedup_merge.sql	IN_USE	imports, string paths, scripts, workflows, tests, routes, and docs reviewed
_scripts/dedupe_master.py	UNKNOWN	tracked-file inventory; retained pending complete runtime-caller evidence
_scripts/deepen_candles_to_10yr.py	UNKNOWN	tracked-file inventory; retained pending complete runtime-caller evidence
_scripts/derive_peer_pe_from_notes.py	UNKNOWN	tracked-file inventory; retained pending complete runtime-caller evidence
_scripts/download_sbi_notes.py	UNKNOWN	tracked-file inventory; retained pending complete runtime-caller evidence
_scripts/download_sebi_rhps_playwright.py	UNKNOWN	tracked-file inventory; retained pending complete runtime-caller evidence
_scripts/dump_sector_map.py	UNKNOWN	tracked-file inventory; retained pending complete runtime-caller evidence
_scripts/engines/ipo_probability_engine.py	UNKNOWN	tracked-file inventory; retained pending complete runtime-caller evidence
_scripts/engines/market_regime.py	UNKNOWN	tracked-file inventory; retained pending complete runtime-caller evidence
_scripts/enrich_ipo_chittorgarh.py	UNKNOWN	tracked-file inventory; retained pending complete runtime-caller evidence
_scripts/enrich_promoter_holding.py	UNKNOWN	tracked-file inventory; retained pending complete runtime-caller evidence
_scripts/explain_profitlock.py	UNKNOWN	tracked-file inventory; retained pending complete runtime-caller evidence
_scripts/fetch_delivery_bhavcopy.py	UNKNOWN	tracked-file inventory; retained pending complete runtime-caller evidence
_scripts/fetch_insider_trades.py	UNKNOWN	tracked-file inventory; retained pending complete runtime-caller evidence
_scripts/fetch_ipo_news.py	UNKNOWN	tracked-file inventory; retained pending complete runtime-caller evidence
_scripts/fetch_live_ipos.py	UNKNOWN	tracked-file inventory; retained pending complete runtime-caller evidence
_scripts/fetch_new_rhps.py	UNKNOWN	tracked-file inventory; retained pending complete runtime-caller evidence
_scripts/fetch_peer_pe.py	UNKNOWN	tracked-file inventory; retained pending complete runtime-caller evidence
_scripts/fill_listing_open_from_candles.py	UNKNOWN	tracked-file inventory; retained pending complete runtime-caller evidence
_scripts/find_sub_cols.py	UNKNOWN	tracked-file inventory; retained pending complete runtime-caller evidence
_scripts/find_tickers.py	UNKNOWN	tracked-file inventory; retained pending complete runtime-caller evidence
_scripts/fix_dupes.py	UNKNOWN	tracked-file inventory; retained pending complete runtime-caller evidence
_scripts/fix_symbol_mismaps.py	UNKNOWN	tracked-file inventory; retained pending complete runtime-caller evidence
_scripts/git_sync.py	UNKNOWN	tracked-file inventory; retained pending complete runtime-caller evidence
_scripts/guardrails_canon.sql	IN_USE	imports, string paths, scripts, workflows, tests, routes, and docs reviewed
_scripts/import_golden_master.py	UNKNOWN	tracked-file inventory; retained pending complete runtime-caller evidence
_scripts/insights_fanout.py	UNKNOWN	tracked-file inventory; retained pending complete runtime-caller evidence
_scripts/ipo/backfill_brlm_names.py	UNKNOWN	tracked-file inventory; retained pending complete runtime-caller evidence
_scripts/ipo/backfill_ipo_ohlc.py	UNKNOWN	tracked-file inventory; retained pending complete runtime-caller evidence
_scripts/ipo/compute_brlm_scores.py	UNKNOWN	tracked-file inventory; retained pending complete runtime-caller evidence
_scripts/ipo/dedup_ipo_intelligence.py	UNKNOWN	tracked-file inventory; retained pending complete runtime-caller evidence
_scripts/ipo/dedup_ipos.py	UNKNOWN	tracked-file inventory; retained pending complete runtime-caller evidence
_scripts/ipo/enrich_from_reports.py	UNKNOWN	tracked-file inventory; retained pending complete runtime-caller evidence
_scripts/ipo/enrich_ipo_chittorgarh.py	UNKNOWN	tracked-file inventory; retained pending complete runtime-caller evidence
_scripts/ipo/fetch_ipo_post_listing_returns.py	UNKNOWN	tracked-file inventory; retained pending complete runtime-caller evidence
_scripts/ipo/fetch_nse_ipos.py	UNKNOWN	tracked-file inventory; retained pending complete runtime-caller evidence
_scripts/ipo/fill_listing_open_from_candles.py	UNKNOWN	tracked-file inventory; retained pending complete runtime-caller evidence
_scripts/ipo/import_all_reports.py	UNKNOWN	tracked-file inventory; retained pending complete runtime-caller evidence
_scripts/ipo/import_chittorgarh.py	UNKNOWN	tracked-file inventory; retained pending complete runtime-caller evidence
_scripts/ipo/import_ipo_foundation.py	UNKNOWN	tracked-file inventory; retained pending complete runtime-caller evidence
_scripts/ipo/ipo_data_hygiene.py	UNKNOWN	tracked-file inventory; retained pending complete runtime-caller evidence
_scripts/ipo/ipo_decision_engine.py	UNKNOWN	tracked-file inventory; retained pending complete runtime-caller evidence
_scripts/ipo/ipo_factor_dump.py	UNKNOWN	tracked-file inventory; retained pending complete runtime-caller evidence
_scripts/ipo/ipo_feature_store.py	UNKNOWN	tracked-file inventory; retained pending complete runtime-caller evidence
_scripts/ipo/ipo_listing_probability_engine.py	UNKNOWN	tracked-file inventory; retained pending complete runtime-caller evidence
_scripts/ipo/ipo_live_feed.py	UNKNOWN	tracked-file inventory; retained pending complete runtime-caller evidence
_scripts/ipo/ipo_play_selector.py	UNKNOWN	tracked-file inventory; retained pending complete runtime-caller evidence
_scripts/ipo/ipo_run_all.py	UNKNOWN	tracked-file inventory; retained pending complete runtime-caller evidence
_scripts/ipo/ipo_run_quality_decision.py	UNKNOWN	tracked-file inventory; retained pending complete runtime-caller evidence
_scripts/ipo/ipo_similarity_engine.py	UNKNOWN	tracked-file inventory; retained pending complete runtime-caller evidence
_scripts/ipo/kite_ticker_ipo.py	UNKNOWN	tracked-file inventory; retained pending complete runtime-caller evidence
_scripts/ipo/listing_day_monitor.py	UNKNOWN	tracked-file inventory; retained pending complete runtime-caller evidence
_scripts/ipo/listing_day_reminder.ps1	UNKNOWN	tracked-file inventory; retained pending complete runtime-caller evidence
_scripts/ipo/load_brlm_scores.py	UNKNOWN	tracked-file inventory; retained pending complete runtime-caller evidence
_scripts/ipo/load_issue_details.py	UNKNOWN	tracked-file inventory; retained pending complete runtime-caller evidence
_scripts/ipo/load_subscription_history.py	UNKNOWN	tracked-file inventory; retained pending complete runtime-caller evidence
_scripts/ipo/refresh_gmp.py	UNKNOWN	tracked-file inventory; retained pending complete runtime-caller evidence
_scripts/ipo/resolve_ipo_symbols.py	UNKNOWN	tracked-file inventory; retained pending complete runtime-caller evidence
_scripts/ipo/run_ipo_pipeline.ps1	UNKNOWN	tracked-file inventory; retained pending complete runtime-caller evidence
_scripts/ipo/score_ipos_live.py	UNKNOWN	tracked-file inventory; retained pending complete runtime-caller evidence
_scripts/ipo/setup_ipo_scheduler.ps1	UNKNOWN	tracked-file inventory; retained pending complete runtime-caller evidence
_scripts/ipo/sync_ipo_calendar.py	UNKNOWN	tracked-file inventory; retained pending complete runtime-caller evidence
_scripts/ipo_autoupdate.patch	UNKNOWN	tracked-file inventory; retained pending complete runtime-caller evidence
_scripts/ipo_candle_backfill.py	UNKNOWN	tracked-file inventory; retained pending complete runtime-caller evidence
_scripts/ipo_daily_levels.py	UNKNOWN	tracked-file inventory; retained pending complete runtime-caller evidence
_scripts/ipo_data_contract.csv	UNKNOWN	tracked-file inventory; retained pending complete runtime-caller evidence
_scripts/ipo_live_launcher.py	UNKNOWN	tracked-file inventory; retained pending complete runtime-caller evidence
_scripts/ipo_score.py	UNKNOWN	tracked-file inventory; retained pending complete runtime-caller evidence
_scripts/ipomatrix_api.py	UNKNOWN	tracked-file inventory; retained pending complete runtime-caller evidence
_scripts/ipomatrix_ingest.py	UNKNOWN	tracked-file inventory; retained pending complete runtime-caller evidence
_scripts/job_runner.py	COMPATIBILITY	imports, string paths, scripts, workflows, tests, routes, and docs reviewed
_scripts/kite-sync-candles.py	UNKNOWN	tracked-file inventory; retained pending complete runtime-caller evidence
_scripts/kite-sync-ipos.py	UNKNOWN	tracked-file inventory; retained pending complete runtime-caller evidence
_scripts/kite_connect.py	UNKNOWN	tracked-file inventory; retained pending complete runtime-caller evidence
_scripts/kite_preopen_capture.py	UNKNOWN	tracked-file inventory; retained pending complete runtime-caller evidence
_scripts/lib/__init__.py	UNKNOWN	tracked-file inventory; retained pending complete runtime-caller evidence
_scripts/lib/canon.py	UNKNOWN	tracked-file inventory; retained pending complete runtime-caller evidence
_scripts/lib/db.ts	UNKNOWN	tracked-file inventory; retained pending complete runtime-caller evidence
_scripts/lib/http_resilience.py	UNKNOWN	tracked-file inventory; retained pending complete runtime-caller evidence
_scripts/lib/indicators.ts	UNKNOWN	tracked-file inventory; retained pending complete runtime-caller evidence
_scripts/lib/notify.py	UNKNOWN	tracked-file inventory; retained pending complete runtime-caller evidence
_scripts/lib/quality_factors.py	IN_USE	imports, string paths, scripts, workflows, tests, routes, and docs reviewed
_scripts/lib/stage_state.py	UNKNOWN	tracked-file inventory; retained pending complete runtime-caller evidence
_scripts/lineage_registry.py	UNKNOWN	tracked-file inventory; retained pending complete runtime-caller evidence
_scripts/listing_day_execution_engine.py	UNKNOWN	tracked-file inventory; retained pending complete runtime-caller evidence
_scripts/loaders/load-daily-candles.ts	UNKNOWN	tracked-file inventory; retained pending complete runtime-caller evidence
_scripts/loaders/load-weekly-candles.ts	UNKNOWN	tracked-file inventory; retained pending complete runtime-caller evidence
_scripts/loadtest_k6.js	UNKNOWN	tracked-file inventory; retained pending complete runtime-caller evidence
_scripts/map_ipo_tables.py	UNKNOWN	tracked-file inventory; retained pending complete runtime-caller evidence
_scripts/market_breadth.py	UNKNOWN	tracked-file inventory; retained pending complete runtime-caller evidence
_scripts/market_regime.py	UNKNOWN	tracked-file inventory; retained pending complete runtime-caller evidence
_scripts/migrations/20260617_prod_ready_tables.sql	IN_USE	imports, string paths, scripts, workflows, tests, routes, and docs reviewed
_scripts/migrations/20260806_document_ledger.sql	IN_USE	imports, string paths, scripts, workflows, tests, routes, and docs reviewed
_scripts/migrations/create_multibagger_similarity.sql	IN_USE	imports, string paths, scripts, workflows, tests, routes, and docs reviewed
_scripts/migrations/management_commentary_schema.sql	IN_USE	imports, string paths, scripts, workflows, tests, routes, and docs reviewed
_scripts/neon_sizes.py	UNKNOWN	tracked-file inventory; retained pending complete runtime-caller evidence
_scripts/neon_sleep_sentinel.py	UNKNOWN	tracked-file inventory; retained pending complete runtime-caller evidence
_scripts/nse_anchor_backfill.py	UNKNOWN	tracked-file inventory; retained pending complete runtime-caller evidence
_scripts/nse_preopen_capture.py	UNKNOWN	tracked-file inventory; retained pending complete runtime-caller evidence
_scripts/parse_sbi_notes.py	UNKNOWN	tracked-file inventory; retained pending complete runtime-caller evidence
_scripts/pipeline_watchdog.py	UNKNOWN	tracked-file inventory; retained pending complete runtime-caller evidence
_scripts/preflight_listing_day.py	UNKNOWN	tracked-file inventory; retained pending complete runtime-caller evidence
_scripts/price-history-route.ts	UNKNOWN	tracked-file inventory; retained pending complete runtime-caller evidence
_scripts/prod/__init__.py	UNKNOWN	tracked-file inventory; retained pending complete runtime-caller evidence
_scripts/prod/__pycache__/env_utils.cpython-312.pyc	UNKNOWN	tracked-file inventory; retained pending complete runtime-caller evidence
_scripts/prod/env_utils.py	UNKNOWN	tracked-file inventory; retained pending complete runtime-caller evidence
_scripts/prod/kite_sync_and_predict.py	UNKNOWN	tracked-file inventory; retained pending complete runtime-caller evidence
_scripts/prune_dead_columns.py	UNKNOWN	tracked-file inventory; retained pending complete runtime-caller evidence
_scripts/purge_candles_after_lockin.py	UNKNOWN	tracked-file inventory; retained pending complete runtime-caller evidence
_scripts/purge_ipo_ticks.py	UNKNOWN	tracked-file inventory; retained pending complete runtime-caller evidence
_scripts/purge_old_candles.py	UNKNOWN	tracked-file inventory; retained pending complete runtime-caller evidence
_scripts/reconcile_listing_dates.py	UNKNOWN	tracked-file inventory; retained pending complete runtime-caller evidence
_scripts/reconcile_missing_candles.py	UNKNOWN	tracked-file inventory; retained pending complete runtime-caller evidence
_scripts/refresh_kite_token.py	UNKNOWN	tracked-file inventory; retained pending complete runtime-caller evidence
_scripts/research_bundle.py	UNKNOWN	tracked-file inventory; retained pending complete runtime-caller evidence
_scripts/rhp_auto.py	UNKNOWN	tracked-file inventory; retained pending complete runtime-caller evidence
_scripts/rhp_sections.py	UNKNOWN	tracked-file inventory; retained pending complete runtime-caller evidence
_scripts/rhp_sonnet.py	UNKNOWN	tracked-file inventory; retained pending complete runtime-caller evidence
_scripts/rhp_sonnet_store.py	UNKNOWN	tracked-file inventory; retained pending complete runtime-caller evidence
_scripts/rule_validation.py	UNKNOWN	tracked-file inventory; retained pending complete runtime-caller evidence
_scripts/run-intelligence-scoring.ts	UNKNOWN	tracked-file inventory; retained pending complete runtime-caller evidence
_scripts/run_ipo_pipeline.py	UNKNOWN	tracked-file inventory; retained pending complete runtime-caller evidence
_scripts/run_ipo_pipeline_lean.py	COMPATIBILITY	imports, string paths, scripts, workflows, tests, routes, and docs reviewed
_scripts/sbi_haiku_extract.py	UNKNOWN	tracked-file inventory; retained pending complete runtime-caller evidence
_scripts/schema_sync.py	COMPATIBILITY	imports, string paths, scripts, workflows, tests, routes, and docs reviewed
_scripts/scrape_anchors_playwright.py	UNKNOWN	tracked-file inventory; retained pending complete runtime-caller evidence
_scripts/scrape_chittorgarh.py	UNKNOWN	tracked-file inventory; retained pending complete runtime-caller evidence
_scripts/scrape_investorgain_gmp.py	UNKNOWN	tracked-file inventory; retained pending complete runtime-caller evidence
_scripts/seed_global_cache.py	UNKNOWN	tracked-file inventory; retained pending complete runtime-caller evidence
_scripts/set-password.mjs	UNKNOWN	tracked-file inventory; retained pending complete runtime-caller evidence
_scripts/smoke_probe.py	UNKNOWN	tracked-file inventory; retained pending complete runtime-caller evidence
_scripts/sync_inwindow_candles.py	UNKNOWN	tracked-file inventory; retained pending complete runtime-caller evidence
_scripts/sync_ipo_calendar.py	UNKNOWN	tracked-file inventory; retained pending complete runtime-caller evidence
_scripts/sync_ipo_master.py	UNKNOWN	tracked-file inventory; retained pending complete runtime-caller evidence
_scripts/sync_issue_details.py	UNKNOWN	tracked-file inventory; retained pending complete runtime-caller evidence
_scripts/sync_trade_journal.py	UNKNOWN	tracked-file inventory; retained pending complete runtime-caller evidence
_scripts/tests/conftest.py	IN_USE	imports, string paths, scripts, workflows, tests, routes, and docs reviewed
_scripts/tests/contract_schema.py	IN_USE	imports, string paths, scripts, workflows, tests, routes, and docs reviewed
_scripts/tests/fixture_nse_preopen.json	IN_USE	imports, string paths, scripts, workflows, tests, routes, and docs reviewed
_scripts/tests/helpers/intelligence_sql_probe.ts	IN_USE	imports, string paths, scripts, workflows, tests, routes, and docs reviewed
_scripts/tests/route_harness/run_route.mjs	IN_USE	imports, string paths, scripts, workflows, tests, routes, and docs reviewed
_scripts/tests/route_harness/stubs.mjs	IN_USE	imports, string paths, scripts, workflows, tests, routes, and docs reviewed
_scripts/tests/test_admin_console_jobs.py	IN_USE	imports, string paths, scripts, workflows, tests, routes, and docs reviewed
_scripts/tests/test_all_routes_contract.py	IN_USE	imports, string paths, scripts, workflows, tests, routes, and docs reviewed
_scripts/tests/test_api_contract.py	IN_USE	imports, string paths, scripts, workflows, tests, routes, and docs reviewed
_scripts/tests/test_archived_routes_stay_dead.py	IN_USE	imports, string paths, scripts, workflows, tests, routes, and docs reviewed
_scripts/tests/test_asset_light.py	IN_USE	imports, string paths, scripts, workflows, tests, routes, and docs reviewed
_scripts/tests/test_auth_gating.py	IN_USE	imports, string paths, scripts, workflows, tests, routes, and docs reviewed
_scripts/tests/test_build_consolidated.py	IN_USE	imports, string paths, scripts, workflows, tests, routes, and docs reviewed
_scripts/tests/test_check_scripts.py	IN_USE	imports, string paths, scripts, workflows, tests, routes, and docs reviewed
_scripts/tests/test_complete_details_stage3.py	IN_USE	imports, string paths, scripts, workflows, tests, routes, and docs reviewed
_scripts/tests/test_compute_flags.py	IN_USE	imports, string paths, scripts, workflows, tests, routes, and docs reviewed
_scripts/tests/test_consolidate_master_executes.py	IN_USE	imports, string paths, scripts, workflows, tests, routes, and docs reviewed
_scripts/tests/test_contrast_contract.py	IN_USE	imports, string paths, scripts, workflows, tests, routes, and docs reviewed
_scripts/tests/test_core_imports.py	IN_USE	imports, string paths, scripts, workflows, tests, routes, and docs reviewed
_scripts/tests/test_docs_contract.py	IN_USE	imports, string paths, scripts, workflows, tests, routes, and docs reviewed
_scripts/tests/test_duplicate_safe_inserts.py	IN_USE	imports, string paths, scripts, workflows, tests, routes, and docs reviewed
_scripts/tests/test_evidence_and_filters.py	IN_USE	imports, string paths, scripts, workflows, tests, routes, and docs reviewed
_scripts/tests/test_features_e2e.py	IN_USE	imports, string paths, scripts, workflows, tests, routes, and docs reviewed
_scripts/tests/test_fetch_peer_pe.py	IN_USE	imports, string paths, scripts, workflows, tests, routes, and docs reviewed
_scripts/tests/test_gate_and_schema_sync.py	IN_USE	imports, string paths, scripts, workflows, tests, routes, and docs reviewed
_scripts/tests/test_house_stack.py	IN_USE	imports, string paths, scripts, workflows, tests, routes, and docs reviewed
_scripts/tests/test_intelligence_pr308.py	IN_USE	imports, string paths, scripts, workflows, tests, routes, and docs reviewed
_scripts/tests/test_intelligence_sql_integration.py	IN_USE	imports, string paths, scripts, workflows, tests, routes, and docs reviewed
_scripts/tests/test_ipo_gold_view.py	IN_USE	imports, string paths, scripts, workflows, tests, routes, and docs reviewed
_scripts/tests/test_ipo_score.py	IN_USE	imports, string paths, scripts, workflows, tests, routes, and docs reviewed
_scripts/tests/test_job_lists_in_sync.py	IN_USE	imports, string paths, scripts, workflows, tests, routes, and docs reviewed
_scripts/tests/test_job_runner.py	IN_USE	imports, string paths, scripts, workflows, tests, routes, and docs reviewed
_scripts/tests/test_job_whitelist_integrity.py	IN_USE	imports, string paths, scripts, workflows, tests, routes, and docs reviewed
_scripts/tests/test_journey_backtest.py	IN_USE	imports, string paths, scripts, workflows, tests, routes, and docs reviewed
_scripts/tests/test_junk_floor_enforced.py	IN_USE	imports, string paths, scripts, workflows, tests, routes, and docs reviewed
_scripts/tests/test_kite_15m.py	IN_USE	imports, string paths, scripts, workflows, tests, routes, and docs reviewed
_scripts/tests/test_kite_outcomes.py	IN_USE	imports, string paths, scripts, workflows, tests, routes, and docs reviewed
_scripts/tests/test_kite_preopen.py	IN_USE	imports, string paths, scripts, workflows, tests, routes, and docs reviewed
_scripts/tests/test_kite_refresh_control.py	IN_USE	imports, string paths, scripts, workflows, tests, routes, and docs reviewed
_scripts/tests/test_kite_resolve.py	IN_USE	imports, string paths, scripts, workflows, tests, routes, and docs reviewed
_scripts/tests/test_kv_flag_cleared.py	IN_USE	imports, string paths, scripts, workflows, tests, routes, and docs reviewed
_scripts/tests/test_listing_minutes.py	IN_USE	imports, string paths, scripts, workflows, tests, routes, and docs reviewed
_scripts/tests/test_listing_review.py	IN_USE	imports, string paths, scripts, workflows, tests, routes, and docs reviewed
_scripts/tests/test_mains_sbi_rhp.py	IN_USE	imports, string paths, scripts, workflows, tests, routes, and docs reviewed
_scripts/tests/test_no_columns_on_rebuilt_tables.py	IN_USE	imports, string paths, scripts, workflows, tests, routes, and docs reviewed
_scripts/tests/test_no_dead_api_refs.py	IN_USE	imports, string paths, scripts, workflows, tests, routes, and docs reviewed
_scripts/tests/test_no_dead_pipeline_steps.py	IN_USE	imports, string paths, scripts, workflows, tests, routes, and docs reviewed
_scripts/tests/test_no_equity_engines.py	IN_USE	imports, string paths, scripts, workflows, tests, routes, and docs reviewed
_scripts/tests/test_no_module_scope_db_init.py	IN_USE	imports, string paths, scripts, workflows, tests, routes, and docs reviewed
_scripts/tests/test_no_orphan_components.py	IN_USE	imports, string paths, scripts, workflows, tests, routes, and docs reviewed
_scripts/tests/test_nse_preopen.py	IN_USE	imports, string paths, scripts, workflows, tests, routes, and docs reviewed
_scripts/tests/test_open_now_indicator.py	IN_USE	imports, string paths, scripts, workflows, tests, routes, and docs reviewed
_scripts/tests/test_parked_docs_archived.py	IN_USE	imports, string paths, scripts, workflows, tests, routes, and docs reviewed
_scripts/tests/test_parse_sbi_notes.py	IN_USE	imports, string paths, scripts, workflows, tests, routes, and docs reviewed
_scripts/tests/test_peer_pe_chain.py	IN_USE	imports, string paths, scripts, workflows, tests, routes, and docs reviewed
_scripts/tests/test_phase1_fixes.py	IN_USE	imports, string paths, scripts, workflows, tests, routes, and docs reviewed
_scripts/tests/test_phase2_zero_idle.py	IN_USE	imports, string paths, scripts, workflows, tests, routes, and docs reviewed
_scripts/tests/test_phase3_ntfy.py	IN_USE	imports, string paths, scripts, workflows, tests, routes, and docs reviewed
_scripts/tests/test_phase4_resilience.py	IN_USE	imports, string paths, scripts, workflows, tests, routes, and docs reviewed
_scripts/tests/test_phase5_pipeline_fixes.py	IN_USE	imports, string paths, scripts, workflows, tests, routes, and docs reviewed
_scripts/tests/test_phase6_insights_ui.py	IN_USE	imports, string paths, scripts, workflows, tests, routes, and docs reviewed
_scripts/tests/test_phase7_stage_live.py	IN_USE	imports, string paths, scripts, workflows, tests, routes, and docs reviewed
_scripts/tests/test_phase8_uat_contracts.py	IN_USE	imports, string paths, scripts, workflows, tests, routes, and docs reviewed
_scripts/tests/test_phase9_search.py	IN_USE	imports, string paths, scripts, workflows, tests, routes, and docs reviewed
_scripts/tests/test_pipeline_hotfixes.py	IN_USE	imports, string paths, scripts, workflows, tests, routes, and docs reviewed
_scripts/tests/test_pipeline_lean.py	IN_USE	imports, string paths, scripts, workflows, tests, routes, and docs reviewed
_scripts/tests/test_pipeline_mains.py	IN_USE	imports, string paths, scripts, workflows, tests, routes, and docs reviewed
_scripts/tests/test_pipeline_steps_write.py	IN_USE	imports, string paths, scripts, workflows, tests, routes, and docs reviewed
_scripts/tests/test_provenance_pr_a.py	IN_USE	imports, string paths, scripts, workflows, tests, routes, and docs reviewed
_scripts/tests/test_rhp_direct_download.py	IN_USE	imports, string paths, scripts, workflows, tests, routes, and docs reviewed
_scripts/tests/test_rhp_ipo_id_selector.py	IN_USE	imports, string paths, scripts, workflows, tests, routes, and docs reviewed
_scripts/tests/test_rhp_sonnet.py	IN_USE	imports, string paths, scripts, workflows, tests, routes, and docs reviewed
_scripts/tests/test_root_hygiene.py	IN_USE	imports, string paths, scripts, workflows, tests, routes, and docs reviewed
_scripts/tests/test_route_runtime.py	IN_USE	imports, string paths, scripts, workflows, tests, routes, and docs reviewed
_scripts/tests/test_rule_validation.py	IN_USE	imports, string paths, scripts, workflows, tests, routes, and docs reviewed
_scripts/tests/test_sbi_haiku_finds_work.py	IN_USE	imports, string paths, scripts, workflows, tests, routes, and docs reviewed
_scripts/tests/test_schema_guardrails.py	IN_USE	imports, string paths, scripts, workflows, tests, routes, and docs reviewed
_scripts/tests/test_schema_repairs_existing_tables.py	IN_USE	imports, string paths, scripts, workflows, tests, routes, and docs reviewed
_scripts/tests/test_sebi_pagination.py	IN_USE	imports, string paths, scripts, workflows, tests, routes, and docs reviewed
_scripts/tests/test_snapshot_pipeline.py	IN_USE	imports, string paths, scripts, workflows, tests, routes, and docs reviewed
_scripts/tests/test_stage2_kite_broker_proxy.py	IN_USE	imports, string paths, scripts, workflows, tests, routes, and docs reviewed
_scripts/tests/test_strong_key_writers.py	IN_USE	imports, string paths, scripts, workflows, tests, routes, and docs reviewed
_scripts/tests/test_sync_issue_details.py	IN_USE	imports, string paths, scripts, workflows, tests, routes, and docs reviewed
_scripts/tests/test_trade_verdict_reachable.py	IN_USE	imports, string paths, scripts, workflows, tests, routes, and docs reviewed
_scripts/tests/test_ux_premium.py	IN_USE	imports, string paths, scripts, workflows, tests, routes, and docs reviewed
_scripts/tests/test_verdicts.py	IN_USE	imports, string paths, scripts, workflows, tests, routes, and docs reviewed
_scripts/tests/test_vm_verify.py	IN_USE	imports, string paths, scripts, workflows, tests, routes, and docs reviewed
_scripts/tests/test_wrangler_config.py	IN_USE	imports, string paths, scripts, workflows, tests, routes, and docs reviewed
_scripts/triage_known_gaps.sql	IN_USE	imports, string paths, scripts, workflows, tests, routes, and docs reviewed
_scripts/update_kite_token.py	UNKNOWN	tracked-file inventory; retained pending complete runtime-caller evidence
_scripts/update_nifty_value.py	UNKNOWN	tracked-file inventory; retained pending complete runtime-caller evidence
_scripts/upgrade_trade_journal.py	UNKNOWN	tracked-file inventory; retained pending complete runtime-caller evidence
_scripts/vm_verify.py	UNKNOWN	tracked-file inventory; retained pending complete runtime-caller evidence
_scripts/wayback_preopen_harvest.py	UNKNOWN	tracked-file inventory; retained pending complete runtime-caller evidence
_scripts/z.py	UNKNOWN	tracked-file inventory; retained pending complete runtime-caller evidence
app/api/access-note/route.ts	IN_USE	imports, string paths, scripts, workflows, tests, routes, and docs reviewed
app/api/admin/access/route.ts	IN_USE	imports, string paths, scripts, workflows, tests, routes, and docs reviewed
app/api/admin/check/route.ts	IN_USE	imports, string paths, scripts, workflows, tests, routes, and docs reviewed
app/api/admin/diagnostics/route.ts	IN_USE	imports, string paths, scripts, workflows, tests, routes, and docs reviewed
app/api/admin/job-flag/route.ts	IN_USE	imports, string paths, scripts, workflows, tests, routes, and docs reviewed
app/api/admin/jobs/route.ts	IN_USE	imports, string paths, scripts, workflows, tests, routes, and docs reviewed
app/api/admin/kv-put/route.ts	IN_USE	imports, string paths, scripts, workflows, tests, routes, and docs reviewed
app/api/admin/pipeline-failures/route.ts	IN_USE	imports, string paths, scripts, workflows, tests, routes, and docs reviewed
app/api/admin/pipeline-steps/route.ts	IN_USE	imports, string paths, scripts, workflows, tests, routes, and docs reviewed
app/api/admin/secrets/route.ts	IN_USE	imports, string paths, scripts, workflows, tests, routes, and docs reviewed
app/api/admin/snapshots/route.integration.test.ts	IN_USE	imports, string paths, scripts, workflows, tests, routes, and docs reviewed
app/api/admin/snapshots/route.ts	IN_USE	imports, string paths, scripts, workflows, tests, routes, and docs reviewed
app/api/auth/[...nextauth]/route.ts	IN_USE	imports, string paths, scripts, workflows, tests, routes, and docs reviewed
app/api/auth/zerodha/callback/route.ts	IN_USE	imports, string paths, scripts, workflows, tests, routes, and docs reviewed
app/api/auth/zerodha/route.ts	IN_USE	imports, string paths, scripts, workflows, tests, routes, and docs reviewed
app/api/auth/zerodha/status/route.ts	IN_USE	imports, string paths, scripts, workflows, tests, routes, and docs reviewed
app/api/broker/quote/route.ts	IN_USE	imports, string paths, scripts, workflows, tests, routes, and docs reviewed
app/api/broker/status/route.ts	IN_USE	imports, string paths, scripts, workflows, tests, routes, and docs reviewed
app/api/health/route.ts	IN_USE	imports, string paths, scripts, workflows, tests, routes, and docs reviewed
app/api/ipo-command/route.ts	IN_USE	imports, string paths, scripts, workflows, tests, routes, and docs reviewed
app/api/ipo/cum-volume/route.ts	IN_USE	imports, string paths, scripts, workflows, tests, routes, and docs reviewed
app/api/ipo/details/[isin]/route.ts	IN_USE	imports, string paths, scripts, workflows, tests, routes, and docs reviewed
app/api/ipo/index/route.ts	IN_USE	imports, string paths, scripts, workflows, tests, routes, and docs reviewed
app/api/ipo/journey/route.ts	IN_USE	imports, string paths, scripts, workflows, tests, routes, and docs reviewed
app/api/ipo/live-preopen/route.ts	IN_USE	imports, string paths, scripts, workflows, tests, routes, and docs reviewed
app/api/ipo/monitor/route.ts	IN_USE	imports, string paths, scripts, workflows, tests, routes, and docs reviewed
app/api/ipo/tick-feed/route.ts	IN_USE	imports, string paths, scripts, workflows, tests, routes, and docs reviewed
app/api/market/global/route.ts	IN_USE	imports, string paths, scripts, workflows, tests, routes, and docs reviewed
app/api/market/snapshot/route.ts	IN_USE	imports, string paths, scripts, workflows, tests, routes, and docs reviewed
app/api/pipeline/trigger/route.ts	IN_USE	imports, string paths, scripts, workflows, tests, routes, and docs reviewed
app/api/settings/route.ts	IN_USE	imports, string paths, scripts, workflows, tests, routes, and docs reviewed
app/dashboard/access/page.tsx	IN_USE	imports, string paths, scripts, workflows, tests, routes, and docs reviewed
app/dashboard/admin/AdminConsoleClient.tsx	IN_USE	imports, string paths, scripts, workflows, tests, routes, and docs reviewed
app/dashboard/admin/page.tsx	IN_USE	imports, string paths, scripts, workflows, tests, routes, and docs reviewed
app/dashboard/ipo2/details/[isin]/page.tsx	IN_USE	imports, string paths, scripts, workflows, tests, routes, and docs reviewed
app/dashboard/ipo2/page.tsx	IN_USE	imports, string paths, scripts, workflows, tests, routes, and docs reviewed
app/dashboard/journey/page.tsx	IN_USE	imports, string paths, scripts, workflows, tests, routes, and docs reviewed
app/dashboard/layout.tsx	IN_USE	imports, string paths, scripts, workflows, tests, routes, and docs reviewed
app/dashboard/settings/page.tsx	IN_USE	imports, string paths, scripts, workflows, tests, routes, and docs reviewed
app/globals.css	IN_USE	imports, string paths, scripts, workflows, tests, routes, and docs reviewed
app/icon.png	IN_USE	imports, string paths, scripts, workflows, tests, routes, and docs reviewed
app/ipo/page.tsx	IN_USE	imports, string paths, scripts, workflows, tests, routes, and docs reviewed
app/layout.tsx	IN_USE	imports, string paths, scripts, workflows, tests, routes, and docs reviewed
app/login/page.tsx	IN_USE	imports, string paths, scripts, workflows, tests, routes, and docs reviewed
app/page.tsx	IN_USE	imports, string paths, scripts, workflows, tests, routes, and docs reviewed
auth.ts	IN_USE	imports, string paths, scripts, workflows, tests, routes, and docs reviewed
compatibility/consolidated/build_ipo_consolidated.py	COMPATIBILITY	imports, string paths, scripts, workflows, tests, routes, and docs reviewed
compatibility/consolidated/build_ipo_consolidated_v2.py	COMPATIBILITY	imports, string paths, scripts, workflows, tests, routes, and docs reviewed
compatibility/consolidated/consolidate_master.py	COMPATIBILITY	imports, string paths, scripts, workflows, tests, routes, and docs reviewed
components/Footer.tsx	IN_USE	imports, string paths, scripts, workflows, tests, routes, and docs reviewed
components/ServiceWorkerRegister.tsx	IN_USE	imports, string paths, scripts, workflows, tests, routes, and docs reviewed
components/app-shell/AppNav.tsx	IN_USE	imports, string paths, scripts, workflows, tests, routes, and docs reviewed
components/app-shell/AppShell.tsx	IN_USE	imports, string paths, scripts, workflows, tests, routes, and docs reviewed
components/features/ipo-search.tsx	IN_USE	imports, string paths, scripts, workflows, tests, routes, and docs reviewed
components/ipo/CompleteDetails.tsx	IN_USE	imports, string paths, scripts, workflows, tests, routes, and docs reviewed
components/ipo/IpoCard.tsx	IN_USE	imports, string paths, scripts, workflows, tests, routes, and docs reviewed
components/ipo/ListingReview.tsx	IN_USE	imports, string paths, scripts, workflows, tests, routes, and docs reviewed
components/ipo/MarketsSidebar.tsx	IN_USE	imports, string paths, scripts, workflows, tests, routes, and docs reviewed
components/shared/Spark.tsx	IN_USE	imports, string paths, scripts, workflows, tests, routes, and docs reviewed
components/ui/primitives.tsx	IN_USE	imports, string paths, scripts, workflows, tests, routes, and docs reviewed
data/bulk_block/Block-Deals-09-06-2016-to-09-06-2017.csv	UNKNOWN	tracked-file inventory; retained pending complete runtime-caller evidence
data/bulk_block/Block-Deals-09-06-2017-to-09-06-2018.csv	UNKNOWN	tracked-file inventory; retained pending complete runtime-caller evidence
data/bulk_block/Block-Deals-09-06-2018-to-09-06-2019.csv	UNKNOWN	tracked-file inventory; retained pending complete runtime-caller evidence
data/bulk_block/Block-Deals-09-06-2019-to-09-06-2020.csv	UNKNOWN	tracked-file inventory; retained pending complete runtime-caller evidence
data/bulk_block/Block-Deals-09-06-2020-to-09-06-2021.csv	UNKNOWN	tracked-file inventory; retained pending complete runtime-caller evidence
data/bulk_block/Block-Deals-09-06-2021-to-09-06-2022.csv	UNKNOWN	tracked-file inventory; retained pending complete runtime-caller evidence
data/bulk_block/Block-Deals-09-06-2022-to-09-06-2023.csv	UNKNOWN	tracked-file inventory; retained pending complete runtime-caller evidence
data/bulk_block/Block-Deals-09-06-2023-to-09-06-2024.csv	UNKNOWN	tracked-file inventory; retained pending complete runtime-caller evidence
data/bulk_block/Block-Deals-09-06-2024-to-09-06-2025.csv	UNKNOWN	tracked-file inventory; retained pending complete runtime-caller evidence
data/bulk_block/Block-Deals-09-06-2025-to-9-06-2026.csv	UNKNOWN	tracked-file inventory; retained pending complete runtime-caller evidence
data/bulk_block/Bulk-Deals-09-05-2024-to-09-06-2024.csv	UNKNOWN	tracked-file inventory; retained pending complete runtime-caller evidence
data/bulk_block/Bulk-Deals-09-06-2016-to-09-06-2017.csv	UNKNOWN	tracked-file inventory; retained pending complete runtime-caller evidence
data/bulk_block/Bulk-Deals-09-06-2017-to-09-06-2018.csv	UNKNOWN	tracked-file inventory; retained pending complete runtime-caller evidence
data/bulk_block/Bulk-Deals-09-06-2018-to-09-06-2019.csv	UNKNOWN	tracked-file inventory; retained pending complete runtime-caller evidence
data/bulk_block/Bulk-Deals-09-06-2019-to-09-06-2020.csv	UNKNOWN	tracked-file inventory; retained pending complete runtime-caller evidence
data/bulk_block/Bulk-Deals-09-06-2020-to-09-06-2021.csv	UNKNOWN	tracked-file inventory; retained pending complete runtime-caller evidence
data/bulk_block/Bulk-Deals-09-06-2021-to-09-06-2022.csv	UNKNOWN	tracked-file inventory; retained pending complete runtime-caller evidence
data/bulk_block/Bulk-Deals-09-06-2022-to-09-06-2023.csv	UNKNOWN	tracked-file inventory; retained pending complete runtime-caller evidence
data/bulk_block/Bulk-Deals-09-06-2023-to-09-06-2024.csv	UNKNOWN	tracked-file inventory; retained pending complete runtime-caller evidence
data/bulk_block/Bulk-Deals-09-06-2024-to-09-06-2025.csv	UNKNOWN	tracked-file inventory; retained pending complete runtime-caller evidence
data/fundamental_raw/_download_failures.txt	UNKNOWN	tracked-file inventory; retained pending complete runtime-caller evidence
data/research_notes/ACME Solar Holdings Ltd_IPO Note.pdf	UNKNOWN	tracked-file inventory; retained pending complete runtime-caller evidence
data/research_notes/ASK Automotive Limited_IPO Note.pdf	UNKNOWN	tracked-file inventory; retained pending complete runtime-caller evidence
data/research_notes/Aadhar Housing Finance Limited_IPO Note.pdf	UNKNOWN	tracked-file inventory; retained pending complete runtime-caller evidence
data/research_notes/Aastha Spintex Ltd_IPO Note.pdf	UNKNOWN	tracked-file inventory; retained pending complete runtime-caller evidence
data/research_notes/Aditya Infotech Ltd_IPO Note.pdf	UNKNOWN	tracked-file inventory; retained pending complete runtime-caller evidence
data/research_notes/Advance Agrolife Limited_IPO Note.pdf	UNKNOWN	tracked-file inventory; retained pending complete runtime-caller evidence
data/research_notes/Advit Jewels Ltd_IPO Note.pdf	UNKNOWN	tracked-file inventory; retained pending complete runtime-caller evidence
data/research_notes/Aegis Vopak Terminals Ltd_IPO Note.pdf	UNKNOWN	tracked-file inventory; retained pending complete runtime-caller evidence
data/research_notes/Aequs Ltd_IPO Note.pdf	UNKNOWN	tracked-file inventory; retained pending complete runtime-caller evidence
data/research_notes/Aeroflex Industries Limited_IPO Note.pdf	UNKNOWN	tracked-file inventory; retained pending complete runtime-caller evidence
data/research_notes/Afcons Infrastructure Ltd_IPO Note.pdf	UNKNOWN	tracked-file inventory; retained pending complete runtime-caller evidence
data/research_notes/Ajax Engineering Ltd_IPO Note.pdf	UNKNOWN	tracked-file inventory; retained pending complete runtime-caller evidence
data/research_notes/Akums Drugs and Pharmaceuticals Limited_IPO Note.pdf	UNKNOWN	tracked-file inventory; retained pending complete runtime-caller evidence
data/research_notes/All Time Plastics Ltd_IPO Note.pdf	UNKNOWN	tracked-file inventory; retained pending complete runtime-caller evidence
data/research_notes/Allied Blenders _ Distillers Ltd_IPO Note.pdf	UNKNOWN	tracked-file inventory; retained pending complete runtime-caller evidence
data/research_notes/Amagi Media Labs Ltd_IPO Note.pdf	UNKNOWN	tracked-file inventory; retained pending complete runtime-caller evidence
data/research_notes/Amir Chand Jagdish Kumar _Exports_ Ltd_IPO Note.pdf	UNKNOWN	tracked-file inventory; retained pending complete runtime-caller evidence
data/research_notes/Anand Rathi Share _ Stock Brokers Ltd_IPO Note.pdf	UNKNOWN	tracked-file inventory; retained pending complete runtime-caller evidence
data/research_notes/Anthem Biosciences Ltd_IPO Note.pdf	UNKNOWN	tracked-file inventory; retained pending complete runtime-caller evidence
data/research_notes/Apeejay Surrendra Park Hotels Limited_IPO Note.pdf	UNKNOWN	tracked-file inventory; retained pending complete runtime-caller evidence
data/research_notes/Arisinfra Solutions Ltd._IPO Note.pdf	UNKNOWN	tracked-file inventory; retained pending complete runtime-caller evidence
data/research_notes/Arkade Developers Limited_IPO Note.pdf	UNKNOWN	tracked-file inventory; retained pending complete runtime-caller evidence
data/research_notes/Ather Energy Ltd_IPO Note.pdf	UNKNOWN	tracked-file inventory; retained pending complete runtime-caller evidence
data/research_notes/Atlanta Electricals Ltd_IPO Note.pdf	UNKNOWN	tracked-file inventory; retained pending complete runtime-caller evidence
data/research_notes/Avalon Technologies Ltd_IPO Note_03-04-2023.pdf	UNKNOWN	tracked-file inventory; retained pending complete runtime-caller evidence
data/research_notes/Awfis Space Solutions Limited_IPO Note.pdf	UNKNOWN	tracked-file inventory; retained pending complete runtime-caller evidence
data/research_notes/Aye Finance Ltd_IPO Note.pdf	UNKNOWN	tracked-file inventory; retained pending complete runtime-caller evidence
data/research_notes/Azad Engineering Limited_IPO Note.pdf	UNKNOWN	tracked-file inventory; retained pending complete runtime-caller evidence
data/research_notes/BMW Ventures Ltd_IPO Note.pdf	UNKNOWN	tracked-file inventory; retained pending complete runtime-caller evidence
data/research_notes/Baazar Style Retail Limited_IPO Note.pdf	UNKNOWN	tracked-file inventory; retained pending complete runtime-caller evidence
data/research_notes/Bagmane Prime Office REIT _IPO Note.pdf	UNKNOWN	tracked-file inventory; retained pending complete runtime-caller evidence
data/research_notes/Bajaj Housing Finance Ltd_IPO Note.pdf	UNKNOWN	tracked-file inventory; retained pending complete runtime-caller evidence
data/research_notes/Bansal Wire Engineering IPO Limited_IPO Note.PDF	UNKNOWN	tracked-file inventory; retained pending complete runtime-caller evidence
data/research_notes/Belrise Industries Limited_IPO Note.pdf	UNKNOWN	tracked-file inventory; retained pending complete runtime-caller evidence
data/research_notes/Bharat Coking Coal Ltd_IPO Note.pdf	UNKNOWN	tracked-file inventory; retained pending complete runtime-caller evidence
data/research_notes/Bharati Hexacom Limited_IPO Note.pdf	UNKNOWN	tracked-file inventory; retained pending complete runtime-caller evidence
data/research_notes/Billionbrains Garage Ventures Ltd_IPO Note.pdf	UNKNOWN	tracked-file inventory; retained pending complete runtime-caller evidence
data/research_notes/Blue Jet Healthcare Limited_IPO Note.pdf	UNKNOWN	tracked-file inventory; retained pending complete runtime-caller evidence
data/research_notes/BlueStone Jewellery _ Lifestyle Ltd_IPO Note.pdf	UNKNOWN	tracked-file inventory; retained pending complete runtime-caller evidence
data/research_notes/Borana Weaves Ltd_IPO Note.pdf	UNKNOWN	tracked-file inventory; retained pending complete runtime-caller evidence
data/research_notes/Brainbees Solutions Limited_IPO Note.pdf	UNKNOWN	tracked-file inventory; retained pending complete runtime-caller evidence
data/research_notes/Brigade Hotel Ventures Ltd._IPO Note.pdf	UNKNOWN	tracked-file inventory; retained pending complete runtime-caller evidence
data/research_notes/CMR Green Technologies Ltd_IPO Note.pdf	UNKNOWN	tracked-file inventory; retained pending complete runtime-caller evidence
data/research_notes/CSM Technologies Ltd._ IPO Note.pdf	UNKNOWN	tracked-file inventory; retained pending complete runtime-caller evidence
data/research_notes/Canara HSBC Life Insurance Company Ltd_IPO Note.pdf	UNKNOWN	tracked-file inventory; retained pending complete runtime-caller evidence
data/research_notes/Canara Robeco Asset Management Company Limited_IPO Note.pdf	UNKNOWN	tracked-file inventory; retained pending complete runtime-caller evidence
data/research_notes/Capillary Technologies Ltd_IPO Note.pdf	UNKNOWN	tracked-file inventory; retained pending complete runtime-caller evidence
data/research_notes/Carraro India  Limited_IPO Note.PDF	UNKNOWN	tracked-file inventory; retained pending complete runtime-caller evidence
data/research_notes/Ceigall India Ltd_IPO Note.pdf	UNKNOWN	tracked-file inventory; retained pending complete runtime-caller evidence
data/research_notes/Cello World Limited_IPO Note.pdf	UNKNOWN	tracked-file inventory; retained pending complete runtime-caller evidence
data/research_notes/Central Mine Planning _ Design Institute Ltd_IPO Note.pdf	UNKNOWN	tracked-file inventory; retained pending complete runtime-caller evidence
data/research_notes/Clean Max Enviro Energy Solutions Ltd_IPO Note.pdf	UNKNOWN	tracked-file inventory; retained pending complete runtime-caller evidence
data/research_notes/Concord Biotech limited_IPO Note_04-08-2023.pdf	UNKNOWN	tracked-file inventory; retained pending complete runtime-caller evidence
data/research_notes/Concord Enviro Systems Ltd_IPO Note.pdf	UNKNOWN	tracked-file inventory; retained pending complete runtime-caller evidence
data/research_notes/Cookies-Policy.pdf	UNKNOWN	tracked-file inventory; retained pending complete runtime-caller evidence
data/research_notes/Corona Remedies Ltd_IPO Note.pdf	UNKNOWN	tracked-file inventory; retained pending complete runtime-caller evidence
data/research_notes/Credo Brands Marketing Limited_IPO Note.pdf	UNKNOWN	tracked-file inventory; retained pending complete runtime-caller evidence
data/research_notes/Crizac Ltd_IPO Note.pdf	UNKNOWN	tracked-file inventory; retained pending complete runtime-caller evidence
data/research_notes/Cyient DLM Limited_IPO NOTE_27-06-2023.pdf	UNKNOWN	tracked-file inventory; retained pending complete runtime-caller evidence
data/research_notes/DAM Capital Advisors Ltd_IPO Note.pdf	UNKNOWN	tracked-file inventory; retained pending complete runtime-caller evidence
data/research_notes/DEE Development Engineers Limited_IPO Note.pdf	UNKNOWN	tracked-file inventory; retained pending complete runtime-caller evidence
data/research_notes/DND_20Policy.pdf	UNKNOWN	tracked-file inventory; retained pending complete runtime-caller evidence
data/research_notes/DOMS Industries Limited_IPO Note.pdf	UNKNOWN	tracked-file inventory; retained pending complete runtime-caller evidence
data/research_notes/Denta Water and Infra Solutions Ltd_IPO Note.pdf	UNKNOWN	tracked-file inventory; retained pending complete runtime-caller evidence
data/research_notes/Dev Accelerator Limited_IPO Note.pdf	UNKNOWN	tracked-file inventory; retained pending complete runtime-caller evidence
data/research_notes/Divgi TorqTransfer Systems Ltd_IPO Note-01-03-2023.pdf	UNKNOWN	tracked-file inventory; retained pending complete runtime-caller evidence
data/research_notes/Dr. Agarwal_s Health Care Ltd_IPO Note.pdf	UNKNOWN	tracked-file inventory; retained pending complete runtime-caller evidence
data/research_notes/ECOS _India_ Mobility _ Hospitality Limited_IPO Note.pdf	UNKNOWN	tracked-file inventory; retained pending complete runtime-caller evidence
data/research_notes/EPACK Durable Limited_IPO Note.pdf	UNKNOWN	tracked-file inventory; retained pending complete runtime-caller evidence
data/research_notes/ESAF Small Finance Bank Limited_IPO Note.pdf	UNKNOWN	tracked-file inventory; retained pending complete runtime-caller evidence
data/research_notes/Ellenbarrie Industrial Gases Ltd_IPO Note.pdf	UNKNOWN	tracked-file inventory; retained pending complete runtime-caller evidence
data/research_notes/Emcure Pharmaceuticals Limited_IPO Note.pdf	UNKNOWN	tracked-file inventory; retained pending complete runtime-caller evidence
data/research_notes/Emmvee Photovoltaic Power Ltd_IPO Note.pdf	UNKNOWN	tracked-file inventory; retained pending complete runtime-caller evidence
data/research_notes/Entero Healthcare Solutions Limited_IPO Note.pdf	UNKNOWN	tracked-file inventory; retained pending complete runtime-caller evidence
data/research_notes/Enviro Infra Engineers Limited_IPO Note.pdf	UNKNOWN	tracked-file inventory; retained pending complete runtime-caller evidence
data/research_notes/Epack Prefab Technologies Ltd_IPO Note.pdf	UNKNOWN	tracked-file inventory; retained pending complete runtime-caller evidence
data/research_notes/Euro Pratik Sales Limited_IPO Note.pdf	UNKNOWN	tracked-file inventory; retained pending complete runtime-caller evidence
data/research_notes/Excelsoft Technologies Ltd_IPO Note.pdf	UNKNOWN	tracked-file inventory; retained pending complete runtime-caller evidence
data/research_notes/Exicom Tele-Systems Limited_IPO Note.pdf	UNKNOWN	tracked-file inventory; retained pending complete runtime-caller evidence
data/research_notes/Fabtech Technologies Limited_IPO Note.pdf	UNKNOWN	tracked-file inventory; retained pending complete runtime-caller evidence
data/research_notes/Fedbank Financial Services Limited_IPO Note.pdf	UNKNOWN	tracked-file inventory; retained pending complete runtime-caller evidence
data/research_notes/Flair Writing Industries Limited_IPO Note.pdf	UNKNOWN	tracked-file inventory; retained pending complete runtime-caller evidence
data/research_notes/Fractal Analytics Ltd_IPO Note.pdf	UNKNOWN	tracked-file inventory; retained pending complete runtime-caller evidence
data/research_notes/Fujiyama Power Systems Ltd_IPO Note.pdf	UNKNOWN	tracked-file inventory; retained pending complete runtime-caller evidence
data/research_notes/GK Energy Ltd_IPO Note.pdf	UNKNOWN	tracked-file inventory; retained pending complete runtime-caller evidence
data/research_notes/GNG Electronics Ltd_IPO Note.pdf	UNKNOWN	tracked-file inventory; retained pending complete runtime-caller evidence
data/research_notes/GPT Healthcare Limited_IPO Note.pdf	UNKNOWN	tracked-file inventory; retained pending complete runtime-caller evidence
data/research_notes/GSP Crop Science Ltd_IPO Note.pdf	UNKNOWN	tracked-file inventory; retained pending complete runtime-caller evidence
data/research_notes/Gandhar Oil Refinery India Limited_IPO Note.pdf	UNKNOWN	tracked-file inventory; retained pending complete runtime-caller evidence
data/research_notes/Ganesh Consumer Products Ltd_IPO Note.pdf	UNKNOWN	tracked-file inventory; retained pending complete runtime-caller evidence
data/research_notes/Gem Aromatics Ltd_IPO Note.pdf	UNKNOWN	tracked-file inventory; retained pending complete runtime-caller evidence
data/research_notes/Globe Civil Projects Ltd_IPO Note.pdf	UNKNOWN	tracked-file inventory; retained pending complete runtime-caller evidence
data/research_notes/Glottis Ltd_IPO Note.pdf	UNKNOWN	tracked-file inventory; retained pending complete runtime-caller evidence
data/research_notes/Go Digit General Insurance Limited_IPO Note.pdf	UNKNOWN	tracked-file inventory; retained pending complete runtime-caller evidence
data/research_notes/Godavari Biorefineries Ltd_IPO Note.pdf	UNKNOWN	tracked-file inventory; retained pending complete runtime-caller evidence
data/research_notes/Gopal Snacks Limited_IPO Note.PDF	UNKNOWN	tracked-file inventory; retained pending complete runtime-caller evidence
data/research_notes/Gujarat Kidney _ Super Speciality Ltd.pdf	UNKNOWN	tracked-file inventory; retained pending complete runtime-caller evidence
data/research_notes/HDB Financial Services Ltd_IPO Note.pdf	UNKNOWN	tracked-file inventory; retained pending complete runtime-caller evidence
data/research_notes/Happy Forgings Limited_IPO Note.pdf	UNKNOWN	tracked-file inventory; retained pending complete runtime-caller evidence
data/research_notes/Hexagon Nutrition_IPO Note.pdf	UNKNOWN	tracked-file inventory; retained pending complete runtime-caller evidence
data/research_notes/Hexaware Technologies Ltd_IPO Note.pdf	UNKNOWN	tracked-file inventory; retained pending complete runtime-caller evidence
data/research_notes/Highway Infrastructure Limited_IPO Note.pdf	UNKNOWN	tracked-file inventory; retained pending complete runtime-caller evidence
data/research_notes/Hyundai Motor India Ltd_IPO Note.pdf	UNKNOWN	tracked-file inventory; retained pending complete runtime-caller evidence
data/research_notes/ICICI Prudential Asset Management Company Limited_IPO Note.pdf	UNKNOWN	tracked-file inventory; retained pending complete runtime-caller evidence
data/research_notes/IKIO Lighting Limited_IPO NOTE_05-06-2023.pdf	UNKNOWN	tracked-file inventory; retained pending complete runtime-caller evidence
data/research_notes/INOX India Limited_IPO Note.pdf	UNKNOWN	tracked-file inventory; retained pending complete runtime-caller evidence
data/research_notes/IRDAI_20Public_20notice.pdf	UNKNOWN	tracked-file inventory; retained pending complete runtime-caller evidence
data/research_notes/IRM Energy Limited_IPO Note.pdf	UNKNOWN	tracked-file inventory; retained pending complete runtime-caller evidence
data/research_notes/Indegene Limited_IPO Note.pdf	UNKNOWN	tracked-file inventory; retained pending complete runtime-caller evidence
data/research_notes/India Shelter Finance Corporation Limited_IPO Note.pdf	UNKNOWN	tracked-file inventory; retained pending complete runtime-caller evidence
data/research_notes/Indian Renewable Energy Development Agency Limited_IPO Note.pdf	UNKNOWN	tracked-file inventory; retained pending complete runtime-caller evidence
data/research_notes/Indiqube Spaces Limited_IPO Note.pdf	UNKNOWN	tracked-file inventory; retained pending complete runtime-caller evidence
data/research_notes/Indo Farm Equipment Ltd_IPO Note.pdf	UNKNOWN	tracked-file inventory; retained pending complete runtime-caller evidence
data/research_notes/Indogulf Cropsciences Ltd_IPO Note.pdf	UNKNOWN	tracked-file inventory; retained pending complete runtime-caller evidence
data/research_notes/Innova Captab Limited_IPO Note.pdf	UNKNOWN	tracked-file inventory; retained pending complete runtime-caller evidence
data/research_notes/Innovision_IPO Note.pdf	UNKNOWN	tracked-file inventory; retained pending complete runtime-caller evidence
data/research_notes/Interarch Building Products Limited_IPO Note.PDF	UNKNOWN	tracked-file inventory; retained pending complete runtime-caller evidence
data/research_notes/International Gemmological Institute _India_ Ltd_IPO Note.pdf	UNKNOWN	tracked-file inventory; retained pending complete runtime-caller evidence
data/research_notes/Inventurus Knowledge Solutions Ltd_IPO Note.pdf	UNKNOWN	tracked-file inventory; retained pending complete runtime-caller evidence
data/research_notes/JNK India Ltd_IPO Notes.pdf	UNKNOWN	tracked-file inventory; retained pending complete runtime-caller evidence
data/research_notes/JSW Cement Ltd_IPO Note.pdf	UNKNOWN	tracked-file inventory; retained pending complete runtime-caller evidence
data/research_notes/JSW Infrastructure Limited_IPO Note.pdf	UNKNOWN	tracked-file inventory; retained pending complete runtime-caller evidence
data/research_notes/Jain Resource Recycling Ltd_IPO Note.pdf	UNKNOWN	tracked-file inventory; retained pending complete runtime-caller evidence
data/research_notes/Jaro Institute of Technology Management _ Research Ltd_IPO Note.pdf	UNKNOWN	tracked-file inventory; retained pending complete runtime-caller evidence
data/research_notes/Juniper Hotels Limited_IPO Note.pdf	UNKNOWN	tracked-file inventory; retained pending complete runtime-caller evidence
data/research_notes/Jupiter Life Line Hospital Limited_IPO Note.pdf	UNKNOWN	tracked-file inventory; retained pending complete runtime-caller evidence
data/research_notes/Jyoti CNC Automation Limited_IPO Note.pdf	UNKNOWN	tracked-file inventory; retained pending complete runtime-caller evidence
data/research_notes/KRN Heat Exchanger _ Refrigeration Ltd_IPO Note.pdf	UNKNOWN	tracked-file inventory; retained pending complete runtime-caller evidence
data/research_notes/KSH International Ltd_IPO Note.pdf	UNKNOWN	tracked-file inventory; retained pending complete runtime-caller evidence
data/research_notes/Kalpataru Ltd_IPO Note.pdf	UNKNOWN	tracked-file inventory; retained pending complete runtime-caller evidence
data/research_notes/Knack Packaging_IPO Note.pdf	UNKNOWN	tracked-file inventory; retained pending complete runtime-caller evidence
data/research_notes/Knowledge Realty Trust_IPO Note.pdf	UNKNOWN	tracked-file inventory; retained pending complete runtime-caller evidence
data/research_notes/Kross Limited_IPO Note.pdf	UNKNOWN	tracked-file inventory; retained pending complete runtime-caller evidence
data/research_notes/LG Electronics India Ltd_IPO Note.pdf	UNKNOWN	tracked-file inventory; retained pending complete runtime-caller evidence
data/research_notes/Laxmi Dental Ltd_IPO Note.pdf	UNKNOWN	tracked-file inventory; retained pending complete runtime-caller evidence
data/research_notes/Laxmi India Finance_IPO Note.pdf	UNKNOWN	tracked-file inventory; retained pending complete runtime-caller evidence
data/research_notes/Le Travenues Technology Limited_IPO Note.pdf	UNKNOWN	tracked-file inventory; retained pending complete runtime-caller evidence
data/research_notes/Lenskart Solutions Ltd_IPO Note.pdf	UNKNOWN	tracked-file inventory; retained pending complete runtime-caller evidence
data/research_notes/M_B Engineering Ltd_IPO Note.pdf	UNKNOWN	tracked-file inventory; retained pending complete runtime-caller evidence
data/research_notes/Mangal Electrical Industries Ltd_IPO Note.pdf	UNKNOWN	tracked-file inventory; retained pending complete runtime-caller evidence
data/research_notes/Mankind Pharma Ltd_ IPO Note.pdf	UNKNOWN	tracked-file inventory; retained pending complete runtime-caller evidence
data/research_notes/Manoj Vaibhav Gems _N_ Jewellers Limited_IPO Note.pdf	UNKNOWN	tracked-file inventory; retained pending complete runtime-caller evidence
data/research_notes/Medi Assist Healthcare Services  Limited_IPO Note.pdf	UNKNOWN	tracked-file inventory; retained pending complete runtime-caller evidence
data/research_notes/Meesho Ltd_IPO Note.pdf	UNKNOWN	tracked-file inventory; retained pending complete runtime-caller evidence
data/research_notes/Midwest Ltd_IPO Note.pdf	UNKNOWN	tracked-file inventory; retained pending complete runtime-caller evidence
data/research_notes/Muthoot Microfin Limited_IPO Note.pdf	UNKNOWN	tracked-file inventory; retained pending complete runtime-caller evidence
data/research_notes/NTPC Green Energy Ltd_IPO Note.pdf	UNKNOWN	tracked-file inventory; retained pending complete runtime-caller evidence
data/research_notes/National Securities Depository Limited_IPO Note.pdf	UNKNOWN	tracked-file inventory; retained pending complete runtime-caller evidence
data/research_notes/Nephrocare Health Services Ltd_IPO Note.pdf	UNKNOWN	tracked-file inventory; retained pending complete runtime-caller evidence
data/research_notes/Netweb Technologies India Limited_IPO NOTE_17-07-2023.pdf	UNKNOWN	tracked-file inventory; retained pending complete runtime-caller evidence
data/research_notes/Nexus Select Trust _REIT__IPO Note.pdf	UNKNOWN	tracked-file inventory; retained pending complete runtime-caller evidence
data/research_notes/Niva Bupa Health Insurance Company Limited_IPO Note.PDF	UNKNOWN	tracked-file inventory; retained pending complete runtime-caller evidence
data/research_notes/Northern Arc Capital Ltd_IPO Note.pdf	UNKNOWN	tracked-file inventory; retained pending complete runtime-caller evidence
data/research_notes/Ola Electric Mobility Limited_IPO Note.pdf	UNKNOWN	tracked-file inventory; retained pending complete runtime-caller evidence
data/research_notes/Om Power Transmission Ltd_IPO Note.pdf	UNKNOWN	tracked-file inventory; retained pending complete runtime-caller evidence
data/research_notes/Omnitech Engineering Ltd_IPO Note.pdf	UNKNOWN	tracked-file inventory; retained pending complete runtime-caller evidence
data/research_notes/OnEMI Technology Solutions Ltd._IPO Note.pdf	UNKNOWN	tracked-file inventory; retained pending complete runtime-caller evidence
data/research_notes/One MobiKwik Systems Ltd_IPO Note.pdf	UNKNOWN	tracked-file inventory; retained pending complete runtime-caller evidence
data/research_notes/Orient Technologies Ltd_IPO Note.PDF	UNKNOWN	tracked-file inventory; retained pending complete runtime-caller evidence
data/research_notes/Orkla India Ltd_IPO Note.pdf	UNKNOWN	tracked-file inventory; retained pending complete runtime-caller evidence
data/research_notes/Oswal Pumps Ltd_IPO Note.pdf	UNKNOWN	tracked-file inventory; retained pending complete runtime-caller evidence
data/research_notes/P N Gadgil Jewellers Ltd_IPO Note.pdf	UNKNOWN	tracked-file inventory; retained pending complete runtime-caller evidence
data/research_notes/PKH Ventures Limited_IPO NOTE_30-06-2023.pdf	UNKNOWN	tracked-file inventory; retained pending complete runtime-caller evidence
data/research_notes/PNGS Reva Diamond Jewellery_IPO Note.pdf	UNKNOWN	tracked-file inventory; retained pending complete runtime-caller evidence
data/research_notes/Pace Digitek_IPO Note.pdf	UNKNOWN	tracked-file inventory; retained pending complete runtime-caller evidence
data/research_notes/Park Medi World Ltd_IPO Note.pdf	UNKNOWN	tracked-file inventory; retained pending complete runtime-caller evidence
data/research_notes/Patel Retail Ltd_IPO Note.pdf	UNKNOWN	tracked-file inventory; retained pending complete runtime-caller evidence
data/research_notes/PhysicsWallah Ltd_IPO Note.pdf	UNKNOWN	tracked-file inventory; retained pending complete runtime-caller evidence
data/research_notes/Pine Labs Ltd_IPO Note.pdf	UNKNOWN	tracked-file inventory; retained pending complete runtime-caller evidence
data/research_notes/Popular Vehicles and Services Limited_IPO Note.pdf	UNKNOWN	tracked-file inventory; retained pending complete runtime-caller evidence
data/research_notes/Powerica Ltd_IPO Note.pdf	UNKNOWN	tracked-file inventory; retained pending complete runtime-caller evidence
data/research_notes/Premier Energies Limited_IPO Note.pdf	UNKNOWN	tracked-file inventory; retained pending complete runtime-caller evidence
data/research_notes/Privacy-Policy.pdf	UNKNOWN	tracked-file inventory; retained pending complete runtime-caller evidence
data/research_notes/Prostarm Info Systems Ltd_IPO Note.pdf	UNKNOWN	tracked-file inventory; retained pending complete runtime-caller evidence
data/research_notes/Protean eGov Technologies Limited_IPO Note.pdf	UNKNOWN	tracked-file inventory; retained pending complete runtime-caller evidence
data/research_notes/Pyramid Technoplast Limited_IPO Note.pdf	UNKNOWN	tracked-file inventory; retained pending complete runtime-caller evidence
data/research_notes/Quadrant Future Tek  Limited_IPO Note.pdf	UNKNOWN	tracked-file inventory; retained pending complete runtime-caller evidence
data/research_notes/R K Swamy Limited_IPO Note.pdf	UNKNOWN	tracked-file inventory; retained pending complete runtime-caller evidence
data/research_notes/RR Kabel Limited_IPO Note.pdf	UNKNOWN	tracked-file inventory; retained pending complete runtime-caller evidence
data/research_notes/Rajputana Stainless Ltd_IPO Note.pdf	UNKNOWN	tracked-file inventory; retained pending complete runtime-caller evidence
data/research_notes/Rishabh Instruments Limited_IPO Note.pdf	UNKNOWN	tracked-file inventory; retained pending complete runtime-caller evidence
data/research_notes/Rubicon Research Ltd_IPO Note.pdf	UNKNOWN	tracked-file inventory; retained pending complete runtime-caller evidence
data/research_notes/SBFC Finance Limited_IPO NOTE_02-08-2023.pdf	UNKNOWN	tracked-file inventory; retained pending complete runtime-caller evidence
data/research_notes/SBI Securities_Rashi Peripherals Limited_IPO Note.pdf	UNKNOWN	tracked-file inventory; retained pending complete runtime-caller evidence
data/research_notes/Saatvik Green Energy Ltd_IPO Note.pdf	UNKNOWN	tracked-file inventory; retained pending complete runtime-caller evidence
data/research_notes/Sagility India Ltd_IPO Note.pdf	UNKNOWN	tracked-file inventory; retained pending complete runtime-caller evidence
data/research_notes/Sai Life Sciences Ltd_IPO Note.pdf	UNKNOWN	tracked-file inventory; retained pending complete runtime-caller evidence
data/research_notes/Sai Parenteral_s Ltd_IPO Note_1.pdf	UNKNOWN	tracked-file inventory; retained pending complete runtime-caller evidence
data/research_notes/Sai Silk _Kalamandir_ Limited_IPO Note.pdf	UNKNOWN	tracked-file inventory; retained pending complete runtime-caller evidence
data/research_notes/Sambhv Steel Tubes Ltd_IPO Note.pdf	UNKNOWN	tracked-file inventory; retained pending complete runtime-caller evidence
data/research_notes/Sanathan Textiles Ltd_IPO Note.pdf	UNKNOWN	tracked-file inventory; retained pending complete runtime-caller evidence
data/research_notes/Sanstar Limited_IPO Note.PDF	UNKNOWN	tracked-file inventory; retained pending complete runtime-caller evidence
data/research_notes/Schloss Bangalore Ltd_IPO Note.pdf	UNKNOWN	tracked-file inventory; retained pending complete runtime-caller evidence
data/research_notes/Scoda Tubes Ltd_IPO Note.pdf	UNKNOWN	tracked-file inventory; retained pending complete runtime-caller evidence
data/research_notes/Sedemac Mechatronics_IPO Note.pdf	UNKNOWN	tracked-file inventory; retained pending complete runtime-caller evidence
data/research_notes/Senco Gold Ltd_IPO Note.pdf	UNKNOWN	tracked-file inventory; retained pending complete runtime-caller evidence
data/research_notes/Senores Pharmaceuticals Ltd_IPO Note.pdf	UNKNOWN	tracked-file inventory; retained pending complete runtime-caller evidence
data/research_notes/Seshaasai Technologies Ltd_IPO Note.pdf	UNKNOWN	tracked-file inventory; retained pending complete runtime-caller evidence
data/research_notes/Shadowfax Technologies Ltd_IPO Note.pdf	UNKNOWN	tracked-file inventory; retained pending complete runtime-caller evidence
data/research_notes/Shanti Gold International Ltd_IPO Note.pdf	UNKNOWN	tracked-file inventory; retained pending complete runtime-caller evidence
data/research_notes/Shreeji Shipping Global Ltd_IPO Note.pdf	UNKNOWN	tracked-file inventory; retained pending complete runtime-caller evidence
data/research_notes/Shringar House of Mangalsutra Ltd_IPO Note.pdf	UNKNOWN	tracked-file inventory; retained pending complete runtime-caller evidence
data/research_notes/Smartworks Coworking Spaces Limited_IPO Note.pdf	UNKNOWN	tracked-file inventory; retained pending complete runtime-caller evidence
data/research_notes/Solarworld Energy Solutions Ltd_IPO Note.pdf	UNKNOWN	tracked-file inventory; retained pending complete runtime-caller evidence
data/research_notes/Sri Lotus Developers and Realty Ltd_IPO Note.pdf	UNKNOWN	tracked-file inventory; retained pending complete runtime-caller evidence
data/research_notes/Standard Glass Lining Technology Ltd_IPO Note.pdf	UNKNOWN	tracked-file inventory; retained pending complete runtime-caller evidence
data/research_notes/Stanley Lifestyles Limited_IPO Note.pdf	UNKNOWN	tracked-file inventory; retained pending complete runtime-caller evidence
data/research_notes/Studds Accessories Ltd_IPO Note.pdf	UNKNOWN	tracked-file inventory; retained pending complete runtime-caller evidence
data/research_notes/Sudeep Pharma Ltd_IPO Note.pdf	UNKNOWN	tracked-file inventory; retained pending complete runtime-caller evidence
data/research_notes/Suraksha Diagnostic Ltd_IPO Note.pdf	UNKNOWN	tracked-file inventory; retained pending complete runtime-caller evidence
data/research_notes/Swiggy Ltd_IPO Note.pdf	UNKNOWN	tracked-file inventory; retained pending complete runtime-caller evidence
data/research_notes/TBO Tek Limited_IPO Note.pdf	UNKNOWN	tracked-file inventory; retained pending complete runtime-caller evidence
data/research_notes/TVS Supply Chain Solutions Limited_IPO Note.pdf	UNKNOWN	tracked-file inventory; retained pending complete runtime-caller evidence
data/research_notes/Tata Capital Ltd_IPO Note.pdf	UNKNOWN	tracked-file inventory; retained pending complete runtime-caller evidence
data/research_notes/Tata Technologies Limited_IPO Note.pdf	UNKNOWN	tracked-file inventory; retained pending complete runtime-caller evidence
data/research_notes/Tenneco Clean Air India Ltd_IPO Note.pdf	UNKNOWN	tracked-file inventory; retained pending complete runtime-caller evidence
data/research_notes/Transrail Lighting Limited_IPO Note.pdf	UNKNOWN	tracked-file inventory; retained pending complete runtime-caller evidence
data/research_notes/Travel Food Services Ltd_IPO Note.pdf	UNKNOWN	tracked-file inventory; retained pending complete runtime-caller evidence
data/research_notes/TruAlt Bioenergy Ltd_IPO Note.pdf	UNKNOWN	tracked-file inventory; retained pending complete runtime-caller evidence
data/research_notes/Turtlemint Fintech Solutions_IPO Note.pdf	UNKNOWN	tracked-file inventory; retained pending complete runtime-caller evidence
data/research_notes/Unicommerce eSolutions Ltd_IPO Note.pdf	UNKNOWN	tracked-file inventory; retained pending complete runtime-caller evidence
data/research_notes/Unimech Aerospace and Manufacturing Ltd_IPO Note.pdf	UNKNOWN	tracked-file inventory; retained pending complete runtime-caller evidence
data/research_notes/Updater Services Limited_IPO Note.pdf	UNKNOWN	tracked-file inventory; retained pending complete runtime-caller evidence
data/research_notes/Urban Company Limited_IPO Note.pdf	UNKNOWN	tracked-file inventory; retained pending complete runtime-caller evidence
data/research_notes/Utkarsh Small Finance Bank Limited_IPO NOTE.pdf	UNKNOWN	tracked-file inventory; retained pending complete runtime-caller evidence
data/research_notes/Ventive Hospitality Ltd_IPO Note.pdf	UNKNOWN	tracked-file inventory; retained pending complete runtime-caller evidence
data/research_notes/Vidya Wires Ltd_IPO Note.pdf	UNKNOWN	tracked-file inventory; retained pending complete runtime-caller evidence
data/research_notes/Vikram Solar Ltd_IPO Note.pdf	UNKNOWN	tracked-file inventory; retained pending complete runtime-caller evidence
data/research_notes/Vikran Engineering Ltd_IPO Note.pdf	UNKNOWN	tracked-file inventory; retained pending complete runtime-caller evidence
data/research_notes/Vishal Mega Mart Ltd_IPO Note.pdf	UNKNOWN	tracked-file inventory; retained pending complete runtime-caller evidence
data/research_notes/Vodafone Idea Limited_FPO Note.pdf	UNKNOWN	tracked-file inventory; retained pending complete runtime-caller evidence
data/research_notes/Waaree Energies Ltd_IPO Note.pdf	UNKNOWN	tracked-file inventory; retained pending complete runtime-caller evidence
data/research_notes/Wakefit Innovations Ltd_IPO Note.pdf	UNKNOWN	tracked-file inventory; retained pending complete runtime-caller evidence
data/research_notes/Waterways Leisure Toursim Ltd._IPO Note.pdf	UNKNOWN	tracked-file inventory; retained pending complete runtime-caller evidence
data/research_notes/WeWork India Management Ltd_IPO Note.pdf	UNKNOWN	tracked-file inventory; retained pending complete runtime-caller evidence
data/research_notes/Western Carriers _India_ Ltd_IPO Note.pdf	UNKNOWN	tracked-file inventory; retained pending complete runtime-caller evidence
data/research_notes/Yatra Online Ltd_IPO Note.pdf	UNKNOWN	tracked-file inventory; retained pending complete runtime-caller evidence
data/research_notes/Zaggle Prepaid Ocean Services Limited_IPO Note.pdf	UNKNOWN	tracked-file inventory; retained pending complete runtime-caller evidence
data/research_notes/Zinka Logistics Solutions Ltd_IPO Note.pdf	UNKNOWN	tracked-file inventory; retained pending complete runtime-caller evidence
data/research_notes/iValue Infosolutions Ltd_IPO Note.pdf	UNKNOWN	tracked-file inventory; retained pending complete runtime-caller evidence
data/research_notes/ideaForge Technology Limited_IPO NOTE_26-06-2023.pdf	UNKNOWN	tracked-file inventory; retained pending complete runtime-caller evidence
dip_defense.csv	UNKNOWN	tracked-file inventory; retained pending complete runtime-caller evidence
docs/IPO_INTELLIGENCE_V1.md	UNKNOWN	tracked-file inventory; retained pending complete runtime-caller evidence
docs/architecture/ARCHITECTURE_DECISIONS.md	IN_USE	imports, string paths, scripts, workflows, tests, routes, and docs reviewed
docs/architecture/ARCHITECTURE_STATE.md	IN_USE	imports, string paths, scripts, workflows, tests, routes, and docs reviewed
docs/architecture/ASSET_LIGHT_ARCHITECTURE.md	IN_USE	imports, string paths, scripts, workflows, tests, routes, and docs reviewed
docs/architecture/CANONICAL_SPINE.md	IN_USE	imports, string paths, scripts, workflows, tests, routes, and docs reviewed
docs/architecture/CURRENT_STATE.md	IN_USE	imports, string paths, scripts, workflows, tests, routes, and docs reviewed
docs/archive/AACAPITAL_KICKSTART_AUDIT.md	SUPERSEDED	imports, string paths, scripts, workflows, tests, routes, and docs reviewed
docs/archive/AACapital_Handover_v3.md	SUPERSEDED	imports, string paths, scripts, workflows, tests, routes, and docs reviewed
docs/archive/APPLY_ROOT_HOTFIX.md	SUPERSEDED	imports, string paths, scripts, workflows, tests, routes, and docs reviewed
docs/archive/ARCHITECTURE_TARGET.md	SUPERSEDED	imports, string paths, scripts, workflows, tests, routes, and docs reviewed
docs/archive/BACKFILL_2006_RUNBOOK.md	SUPERSEDED	imports, string paths, scripts, workflows, tests, routes, and docs reviewed
docs/archive/CURRENT_PR_IMPLEMENTATION_AUDIT.md	SUPERSEDED	imports, string paths, scripts, workflows, tests, routes, and docs reviewed
docs/archive/INCIDENT_2026-07-16.md	SUPERSEDED	imports, string paths, scripts, workflows, tests, routes, and docs reviewed
docs/archive/IPO_ENGINE_README.md	SUPERSEDED	imports, string paths, scripts, workflows, tests, routes, and docs reviewed
docs/archive/IPO_FEATURE_DECISION_README.md	SUPERSEDED	imports, string paths, scripts, workflows, tests, routes, and docs reviewed
docs/archive/PATCH_README.md	SUPERSEDED	imports, string paths, scripts, workflows, tests, routes, and docs reviewed
docs/archive/PIPELINE_RUNTIME_AUDIT.md	SUPERSEDED	imports, string paths, scripts, workflows, tests, routes, and docs reviewed
docs/archive/README_equity_era.md	SUPERSEDED	imports, string paths, scripts, workflows, tests, routes, and docs reviewed
docs/archive/ROUTE_ARCHIVE_DECISIONS.md	SUPERSEDED	imports, string paths, scripts, workflows, tests, routes, and docs reviewed
docs/archive/SCRIPT_ARCHIVE_CANDIDATES.md	SUPERSEDED	imports, string paths, scripts, workflows, tests, routes, and docs reviewed
docs/archive/SCRIPT_BUCKET_B.md	SUPERSEDED	imports, string paths, scripts, workflows, tests, routes, and docs reviewed
docs/archive/SESSION_2026-07-24.md	SUPERSEDED	imports, string paths, scripts, workflows, tests, routes, and docs reviewed
docs/archive/TEST_CONTRACT_AUDIT.md	SUPERSEDED	imports, string paths, scripts, workflows, tests, routes, and docs reviewed
docs/decisions/CLEANUP_PHASE2_EVIDENCE.md	IN_USE	imports, string paths, scripts, workflows, tests, routes, and docs reviewed
docs/decisions/SPINE_CLEANUP_REPORT.md	IN_USE	imports, string paths, scripts, workflows, tests, routes, and docs reviewed
docs/repository-inventory.tsv	UNKNOWN	tracked-file inventory; retained pending complete runtime-caller evidence
docs/runbooks/FRUSTRATION_TRACKER.md	IN_USE	imports, string paths, scripts, workflows, tests, routes, and docs reviewed
docs/runbooks/NSE_PREOPEN_CAPTURE.md	IN_USE	imports, string paths, scripts, workflows, tests, routes, and docs reviewed
docs/runbooks/PRODUCTION_JOBS.md	IN_USE	imports, string paths, scripts, workflows, tests, routes, and docs reviewed
docs/runbooks/UAT_FRAMEWORK.md	IN_USE	imports, string paths, scripts, workflows, tests, routes, and docs reviewed
docs/runbooks/UAT_TRACKER.md	IN_USE	imports, string paths, scripts, workflows, tests, routes, and docs reviewed
docs/runbooks/VM_CRON_RUNBOOK.md	IN_USE	imports, string paths, scripts, workflows, tests, routes, and docs reviewed
docs/specifications/AACAPITAL_PRODUCT_CONTRACT.md	IN_USE	imports, string paths, scripts, workflows, tests, routes, and docs reviewed
docs/specifications/DETAILS_AND_REVIEW.md	IN_USE	imports, string paths, scripts, workflows, tests, routes, and docs reviewed
docs/specifications/PROVENANCE_DESIGN.md	IN_USE	imports, string paths, scripts, workflows, tests, routes, and docs reviewed
docs/specifications/QUALITY_SCORE_SPEC.md	IN_USE	imports, string paths, scripts, workflows, tests, routes, and docs reviewed
docs/specifications/R2_DOCUMENT_CONTRACT.md	IN_USE	imports, string paths, scripts, workflows, tests, routes, and docs reviewed
docs/specifications/UI_EVIDENCE_CONTRACT.md	IN_USE	imports, string paths, scripts, workflows, tests, routes, and docs reviewed
docs/specifications/UI_REQUIREMENTS.md	IN_USE	imports, string paths, scripts, workflows, tests, routes, and docs reviewed
docs/specifications/V2_SCHEMA.md	IN_USE	imports, string paths, scripts, workflows, tests, routes, and docs reviewed
eslint.config.mjs	UNKNOWN	tracked-file inventory; retained pending complete runtime-caller evidence
factor_report.csv	RESEARCH	imports, string paths, scripts, workflows, tests, routes, and docs reviewed
forensic.csv	UNKNOWN	tracked-file inventory; retained pending complete runtime-caller evidence
forensic.py	UNKNOWN	tracked-file inventory; retained pending complete runtime-caller evidence
ipo_backtest_export/ipo_candles.csv	RESEARCH	imports, string paths, scripts, workflows, tests, routes, and docs reviewed
ipo_backtest_export/ipo_meta.csv	RESEARCH	imports, string paths, scripts, workflows, tests, routes, and docs reviewed
ipo_backtest_export/market_index.csv	RESEARCH	imports, string paths, scripts, workflows, tests, routes, and docs reviewed
ipo_factors.csv	UNKNOWN	tracked-file inventory; retained pending complete runtime-caller evidence
ipo_master.xlsx	UNKNOWN	tracked-file inventory; retained pending complete runtime-caller evidence
ipo_theses_results.md	UNKNOWN	tracked-file inventory; retained pending complete runtime-caller evidence
lib/admin.ts	IN_USE	imports, string paths, scripts, workflows, tests, routes, and docs reviewed
lib/api-guard.ts	IN_USE	imports, string paths, scripts, workflows, tests, routes, and docs reviewed
lib/auth/index.ts	IN_USE	imports, string paths, scripts, workflows, tests, routes, and docs reviewed
lib/brokers/index.ts	IN_USE	imports, string paths, scripts, workflows, tests, routes, and docs reviewed
lib/brokers/interface.ts	IN_USE	imports, string paths, scripts, workflows, tests, routes, and docs reviewed
lib/brokers/zerodha.ts	IN_USE	imports, string paths, scripts, workflows, tests, routes, and docs reviewed
lib/config/pipeline.ts	IN_USE	imports, string paths, scripts, workflows, tests, routes, and docs reviewed
lib/credentials-auth.test.ts	IN_USE	imports, string paths, scripts, workflows, tests, routes, and docs reviewed
lib/credentials-auth.ts	IN_USE	imports, string paths, scripts, workflows, tests, routes, and docs reviewed
lib/db.ts	IN_USE	imports, string paths, scripts, workflows, tests, routes, and docs reviewed
lib/db/schema.ts	IN_USE	imports, string paths, scripts, workflows, tests, routes, and docs reviewed
lib/fair-value.ts	IN_USE	imports, string paths, scripts, workflows, tests, routes, and docs reviewed
lib/intelligence/canonical-inputs.test.ts	IN_USE	imports, string paths, scripts, workflows, tests, routes, and docs reviewed
lib/intelligence/canonical-inputs.ts	IN_USE	imports, string paths, scripts, workflows, tests, routes, and docs reviewed
lib/intelligence/ipo-profile.schema.json	IN_USE	imports, string paths, scripts, workflows, tests, routes, and docs reviewed
lib/intelligence/ipo-profile.test.ts	IN_USE	imports, string paths, scripts, workflows, tests, routes, and docs reviewed
lib/intelligence/ipo-profile.ts	IN_USE	imports, string paths, scripts, workflows, tests, routes, and docs reviewed
lib/ipo/historical.ts	IN_USE	imports, string paths, scripts, workflows, tests, routes, and docs reviewed
lib/kite/broker-proxy.test.ts	IN_USE	imports, string paths, scripts, workflows, tests, routes, and docs reviewed
lib/kite/broker-proxy.ts	IN_USE	imports, string paths, scripts, workflows, tests, routes, and docs reviewed
lib/kv-cache.ts	IN_USE	imports, string paths, scripts, workflows, tests, routes, and docs reviewed
lib/listing-review.ts	IN_USE	imports, string paths, scripts, workflows, tests, routes, and docs reviewed
lib/opennext-runtime-contract.test.ts	IN_USE	imports, string paths, scripts, workflows, tests, routes, and docs reviewed
lib/pipeline-steps.ts	IN_USE	imports, string paths, scripts, workflows, tests, routes, and docs reviewed
lib/search-intent.ts	IN_USE	imports, string paths, scripts, workflows, tests, routes, and docs reviewed
lib/security/audit.ts	IN_USE	imports, string paths, scripts, workflows, tests, routes, and docs reviewed
lib/security/crypto.ts	IN_USE	imports, string paths, scripts, workflows, tests, routes, and docs reviewed
lib/security/guard.ts	IN_USE	imports, string paths, scripts, workflows, tests, routes, and docs reviewed
lib/security/ratelimit.ts	IN_USE	imports, string paths, scripts, workflows, tests, routes, and docs reviewed
lib/snapshot-integration.test.ts	IN_USE	imports, string paths, scripts, workflows, tests, routes, and docs reviewed
lib/theme.ts	IN_USE	imports, string paths, scripts, workflows, tests, routes, and docs reviewed
lib/utils.ts	IN_USE	imports, string paths, scripts, workflows, tests, routes, and docs reviewed
lib/v2/details-payload.ts	IN_USE	imports, string paths, scripts, workflows, tests, routes, and docs reviewed
lib/v2/diagnostics.test.ts	IN_USE	imports, string paths, scripts, workflows, tests, routes, and docs reviewed
lib/v2/diagnostics.ts	IN_USE	imports, string paths, scripts, workflows, tests, routes, and docs reviewed
lib/v2/ipo-command.test.ts	IN_USE	imports, string paths, scripts, workflows, tests, routes, and docs reviewed
lib/v2/ipo-command.ts	IN_USE	imports, string paths, scripts, workflows, tests, routes, and docs reviewed
lib/v2/ipo-details-payload.test.ts	IN_USE	imports, string paths, scripts, workflows, tests, routes, and docs reviewed
lib/v2/ipo-details.test.ts	IN_USE	imports, string paths, scripts, workflows, tests, routes, and docs reviewed
lib/v2/ipo-details.ts	IN_USE	imports, string paths, scripts, workflows, tests, routes, and docs reviewed
lib/v2/ipo-index.test.ts	IN_USE	imports, string paths, scripts, workflows, tests, routes, and docs reviewed
lib/v2/ipo-index.ts	IN_USE	imports, string paths, scripts, workflows, tests, routes, and docs reviewed
lib/v2/journey.test.ts	IN_USE	imports, string paths, scripts, workflows, tests, routes, and docs reviewed
lib/v2/journey.ts	IN_USE	imports, string paths, scripts, workflows, tests, routes, and docs reviewed
lib/v2/live-preopen.test.ts	IN_USE	imports, string paths, scripts, workflows, tests, routes, and docs reviewed
lib/v2/live-preopen.ts	IN_USE	imports, string paths, scripts, workflows, tests, routes, and docs reviewed
lib/v2/sql.ts	IN_USE	imports, string paths, scripts, workflows, tests, routes, and docs reviewed
lib/versioned-snapshot.test.ts	IN_USE	imports, string paths, scripts, workflows, tests, routes, and docs reviewed
lib/versioned-snapshot.ts	IN_USE	imports, string paths, scripts, workflows, tests, routes, and docs reviewed
link_brlm_scores.py	UNKNOWN	tracked-file inventory; retained pending complete runtime-caller evidence
load_instrument_tokens.py	UNKNOWN	tracked-file inventory; retained pending complete runtime-caller evidence
next.config.ts	IN_USE	imports, string paths, scripts, workflows, tests, routes, and docs reviewed
open-next.config.ts	IN_USE	imports, string paths, scripts, workflows, tests, routes, and docs reviewed
package-lock.json	IN_USE	imports, string paths, scripts, workflows, tests, routes, and docs reviewed
package.json	IN_USE	imports, string paths, scripts, workflows, tests, routes, and docs reviewed
pipeline/.gitignore	IN_USE	imports, string paths, scripts, workflows, tests, routes, and docs reviewed
pipeline/README.md	IN_USE	imports, string paths, scripts, workflows, tests, routes, and docs reviewed
pipeline/build/build_snapshots.ts	IN_USE	imports, string paths, scripts, workflows, tests, routes, and docs reviewed
pipeline/build/journey_universe.ts	IN_USE	imports, string paths, scripts, workflows, tests, routes, and docs reviewed
pipeline/capture_preopen.py	IN_USE	imports, string paths, scripts, workflows, tests, routes, and docs reviewed
pipeline/check_pool.py	DIAGNOSTIC	imports, string paths, scripts, workflows, tests, routes, and docs reviewed
pipeline/completeness.py	IN_USE	imports, string paths, scripts, workflows, tests, routes, and docs reviewed
pipeline/config/__init__.py	IN_USE	imports, string paths, scripts, workflows, tests, routes, and docs reviewed
pipeline/cron.py	IN_USE	imports, string paths, scripts, workflows, tests, routes, and docs reviewed
pipeline/dedup_valuation.py	IN_USE	imports, string paths, scripts, workflows, tests, routes, and docs reviewed
pipeline/document_contract.py	IN_USE	imports, string paths, scripts, workflows, tests, routes, and docs reviewed
pipeline/document_ledger.py	IN_USE	imports, string paths, scripts, workflows, tests, routes, and docs reviewed
pipeline/drive.py	IN_USE	imports, string paths, scripts, workflows, tests, routes, and docs reviewed
pipeline/fill_ipo.py	IN_USE	imports, string paths, scripts, workflows, tests, routes, and docs reviewed
pipeline/fill_v2.py	IN_USE	imports, string paths, scripts, workflows, tests, routes, and docs reviewed
pipeline/find_vendor.py	IN_USE	imports, string paths, scripts, workflows, tests, routes, and docs reviewed
pipeline/fix_zero_subs.py	IN_USE	imports, string paths, scripts, workflows, tests, routes, and docs reviewed
pipeline/inspect_checks.py	DIAGNOSTIC	imports, string paths, scripts, workflows, tests, routes, and docs reviewed
pipeline/inspect_schema.py	DIAGNOSTIC	imports, string paths, scripts, workflows, tests, routes, and docs reviewed
pipeline/intelligence.py	IN_USE	imports, string paths, scripts, workflows, tests, routes, and docs reviewed
pipeline/ipomatrix_fallback.py	IN_USE	imports, string paths, scripts, workflows, tests, routes, and docs reviewed
pipeline/kite_fetch.py	IN_USE	imports, string paths, scripts, workflows, tests, routes, and docs reviewed
pipeline/lifecycle.py	IN_USE	imports, string paths, scripts, workflows, tests, routes, and docs reviewed
pipeline/nse_fetch.py	IN_USE	imports, string paths, scripts, workflows, tests, routes, and docs reviewed
pipeline/nse_lifecycle.py	IN_USE	imports, string paths, scripts, workflows, tests, routes, and docs reviewed
pipeline/probe_r2_document_store.py	DIAGNOSTIC	imports, string paths, scripts, workflows, tests, routes, and docs reviewed
pipeline/publish_snapshot_with_ledger.py	IN_USE	imports, string paths, scripts, workflows, tests, routes, and docs reviewed
pipeline/r2.py	IN_USE	imports, string paths, scripts, workflows, tests, routes, and docs reviewed
pipeline/requirements.txt	IN_USE	imports, string paths, scripts, workflows, tests, routes, and docs reviewed
pipeline/rhp_link.py	IN_USE	imports, string paths, scripts, workflows, tests, routes, and docs reviewed
pipeline/rhp_map_build.py	IN_USE	imports, string paths, scripts, workflows, tests, routes, and docs reviewed
pipeline/rhp_sections.py	IN_USE	imports, string paths, scripts, workflows, tests, routes, and docs reviewed
pipeline/rhp_sonnet.py	IN_USE	imports, string paths, scripts, workflows, tests, routes, and docs reviewed
pipeline/rhp_writer.py	IN_USE	imports, string paths, scripts, workflows, tests, routes, and docs reviewed
pipeline/score_engine.py	IN_USE	imports, string paths, scripts, workflows, tests, routes, and docs reviewed
pipeline/test_capture_preopen.py	IN_USE	imports, string paths, scripts, workflows, tests, routes, and docs reviewed
pipeline/test_derive_flags.py	IN_USE	imports, string paths, scripts, workflows, tests, routes, and docs reviewed
pipeline/test_document_ledger.py	IN_USE	imports, string paths, scripts, workflows, tests, routes, and docs reviewed
pipeline/test_intelligence.py	IN_USE	imports, string paths, scripts, workflows, tests, routes, and docs reviewed
pipeline/test_lifecycle.py	IN_USE	imports, string paths, scripts, workflows, tests, routes, and docs reviewed
pipeline/test_r2.py	IN_USE	imports, string paths, scripts, workflows, tests, routes, and docs reviewed
pipeline/test_rhp_contract_read.py	IN_USE	imports, string paths, scripts, workflows, tests, routes, and docs reviewed
pipeline/test_snapshot_publication.py	IN_USE	imports, string paths, scripts, workflows, tests, routes, and docs reviewed
pipeline/verdict_engine.py	IN_USE	imports, string paths, scripts, workflows, tests, routes, and docs reviewed
pipeline/verify_r2.py	DIAGNOSTIC	imports, string paths, scripts, workflows, tests, routes, and docs reviewed
pipeline/verify_scores.py	DIAGNOSTIC	imports, string paths, scripts, workflows, tests, routes, and docs reviewed
pipeline/warm_kv.py	IN_USE	imports, string paths, scripts, workflows, tests, routes, and docs reviewed
playwright.config.ts	UNKNOWN	tracked-file inventory; retained pending complete runtime-caller evidence
postcss.config.mjs	UNKNOWN	tracked-file inventory; retained pending complete runtime-caller evidence
public/aa-logo-emblem-transparent.png	UNKNOWN	tracked-file inventory; retained pending complete runtime-caller evidence
public/aa-logo-emblem.png	UNKNOWN	tracked-file inventory; retained pending complete runtime-caller evidence
public/aa-logo-full.png	UNKNOWN	tracked-file inventory; retained pending complete runtime-caller evidence
public/file.svg	UNKNOWN	tracked-file inventory; retained pending complete runtime-caller evidence
public/globe.svg	UNKNOWN	tracked-file inventory; retained pending complete runtime-caller evidence
public/icons/apple-touch-icon.png	UNKNOWN	tracked-file inventory; retained pending complete runtime-caller evidence
public/icons/favicon-32.png	UNKNOWN	tracked-file inventory; retained pending complete runtime-caller evidence
public/icons/icon-192-maskable.png	UNKNOWN	tracked-file inventory; retained pending complete runtime-caller evidence
public/icons/icon-192.png	UNKNOWN	tracked-file inventory; retained pending complete runtime-caller evidence
public/icons/icon-512-maskable.png	UNKNOWN	tracked-file inventory; retained pending complete runtime-caller evidence
public/icons/icon-512.png	UNKNOWN	tracked-file inventory; retained pending complete runtime-caller evidence
public/manifest.json	UNKNOWN	tracked-file inventory; retained pending complete runtime-caller evidence
public/next.svg	UNKNOWN	tracked-file inventory; retained pending complete runtime-caller evidence
public/sw.js	UNKNOWN	tracked-file inventory; retained pending complete runtime-caller evidence
public/vercel.svg	UNKNOWN	tracked-file inventory; retained pending complete runtime-caller evidence
public/window.svg	UNKNOWN	tracked-file inventory; retained pending complete runtime-caller evidence
pytest.ini	UNKNOWN	tracked-file inventory; retained pending complete runtime-caller evidence
real_return_analysis.py	RESEARCH	imports, string paths, scripts, workflows, tests, routes, and docs reviewed
requirements.txt	UNKNOWN	tracked-file inventory; retained pending complete runtime-caller evidence
research/backtests/analyze_brlm_rate.py	RESEARCH	imports, string paths, scripts, workflows, tests, routes, and docs reviewed
research/backtests/analyze_junk.py	RESEARCH	imports, string paths, scripts, workflows, tests, routes, and docs reviewed
research/backtests/analyze_qib_pattern.py	RESEARCH	imports, string paths, scripts, workflows, tests, routes, and docs reviewed
research/backtests/anchor_quality_backtest.py	RESEARCH	imports, string paths, scripts, workflows, tests, routes, and docs reviewed
research/backtests/backfill_anchors_analysis.py	RESEARCH	imports, string paths, scripts, workflows, tests, routes, and docs reviewed
research/backtests/backtest_dna_drawdown.py	RESEARCH	imports, string paths, scripts, workflows, tests, routes, and docs reviewed
research/backtests/backtest_journey_exits.py	RESEARCH	imports, string paths, scripts, workflows, tests, routes, and docs reviewed
research/backtests/backtest_quality_score.py	RESEARCH	imports, string paths, scripts, workflows, tests, routes, and docs reviewed
research/backtests/backtest_regime.py	RESEARCH	imports, string paths, scripts, workflows, tests, routes, and docs reviewed
research/backtests/base_backtest.py	RESEARCH	imports, string paths, scripts, workflows, tests, routes, and docs reviewed
research/backtests/cross_backtest.py	RESEARCH	imports, string paths, scripts, workflows, tests, routes, and docs reviewed
research/backtests/exit_backtest.py	RESEARCH	imports, string paths, scripts, workflows, tests, routes, and docs reviewed
research/backtests/exit_backtest_v2.py	RESEARCH	imports, string paths, scripts, workflows, tests, routes, and docs reviewed
research/backtests/exit_backtest_v3.py	RESEARCH	imports, string paths, scripts, workflows, tests, routes, and docs reviewed
research/backtests/exit_rule_backtest.py	RESEARCH	imports, string paths, scripts, workflows, tests, routes, and docs reviewed
research/backtests/factor_backtest.py	RESEARCH	imports, string paths, scripts, workflows, tests, routes, and docs reviewed
research/backtests/flags_horizon_backtest.py	RESEARCH	imports, string paths, scripts, workflows, tests, routes, and docs reviewed
research/backtests/ipo/analyze_listing_day.py	RESEARCH	imports, string paths, scripts, workflows, tests, routes, and docs reviewed
research/backtests/ipo/backtest_dip_defense.py	RESEARCH	imports, string paths, scripts, workflows, tests, routes, and docs reviewed
research/backtests/ipo/backtest_recovery_classes.py	RESEARCH	imports, string paths, scripts, workflows, tests, routes, and docs reviewed
research/backtests/ipo/backtest_regime_split.py	RESEARCH	imports, string paths, scripts, workflows, tests, routes, and docs reviewed
research/backtests/ipo/backtest_strategies.py	RESEARCH	imports, string paths, scripts, workflows, tests, routes, and docs reviewed
research/backtests/ipo/backtest_thesis.py	RESEARCH	imports, string paths, scripts, workflows, tests, routes, and docs reviewed
research/backtests/ipo/export_ipo_backtest.py	RESEARCH	imports, string paths, scripts, workflows, tests, routes, and docs reviewed
research/backtests/ml/__init__.py	RESEARCH	imports, string paths, scripts, workflows, tests, routes, and docs reviewed
research/backtests/ofs_backtest.py	RESEARCH	imports, string paths, scripts, workflows, tests, routes, and docs reviewed
research/backtests/pattern_mining.py	RESEARCH	imports, string paths, scripts, workflows, tests, routes, and docs reviewed
research/backtests/promoter_backtest.py	RESEARCH	imports, string paths, scripts, workflows, tests, routes, and docs reviewed
research/backtests/real_return_analysis.py	RESEARCH	imports, string paths, scripts, workflows, tests, routes, and docs reviewed
research/backtests/regime_mid_backtest.py	RESEARCH	imports, string paths, scripts, workflows, tests, routes, and docs reviewed
run_abcapital_fix.ps1	UNKNOWN	tracked-file inventory; retained pending complete runtime-caller evidence
sector_map.csv	UNKNOWN	tracked-file inventory; retained pending complete runtime-caller evidence
setup_vm_cron.sh	UNKNOWN	tracked-file inventory; retained pending complete runtime-caller evidence
tests/contracts/test_repository_spine.py	IN_USE	imports, string paths, scripts, workflows, tests, routes, and docs reviewed
tools/diagnostics/audit_candles.py	DIAGNOSTIC	imports, string paths, scripts, workflows, tests, routes, and docs reviewed
tools/diagnostics/check_candle_storage.py	DIAGNOSTIC	imports, string paths, scripts, workflows, tests, routes, and docs reviewed
tools/diagnostics/check_consolidated_row.py	DIAGNOSTIC	imports, string paths, scripts, workflows, tests, routes, and docs reviewed
tools/diagnostics/check_data_contract.py	DIAGNOSTIC	imports, string paths, scripts, workflows, tests, routes, and docs reviewed
tools/diagnostics/check_date_sanity.py	DIAGNOSTIC	imports, string paths, scripts, workflows, tests, routes, and docs reviewed
tools/diagnostics/check_dupes.py	DIAGNOSTIC	imports, string paths, scripts, workflows, tests, routes, and docs reviewed
tools/diagnostics/check_fairvalue_data.py	DIAGNOSTIC	imports, string paths, scripts, workflows, tests, routes, and docs reviewed
tools/diagnostics/check_freshness.py	DIAGNOSTIC	imports, string paths, scripts, workflows, tests, routes, and docs reviewed
tools/diagnostics/check_fv_table.py	DIAGNOSTIC	imports, string paths, scripts, workflows, tests, routes, and docs reviewed
tools/diagnostics/check_grades.py	DIAGNOSTIC	imports, string paths, scripts, workflows, tests, routes, and docs reviewed
tools/diagnostics/check_ids.py	DIAGNOSTIC	imports, string paths, scripts, workflows, tests, routes, and docs reviewed
tools/diagnostics/check_ingest_gain.py	DIAGNOSTIC	imports, string paths, scripts, workflows, tests, routes, and docs reviewed
tools/diagnostics/check_laser_rhp.py	DIAGNOSTIC	imports, string paths, scripts, workflows, tests, routes, and docs reviewed
tools/diagnostics/check_missing_scores.py	DIAGNOSTIC	imports, string paths, scripts, workflows, tests, routes, and docs reviewed
tools/diagnostics/check_neon_schema.py	DIAGNOSTIC	imports, string paths, scripts, workflows, tests, routes, and docs reviewed
tools/diagnostics/check_value_sanity.py	DIAGNOSTIC	imports, string paths, scripts, workflows, tests, routes, and docs reviewed
tools/diagnostics/check_write_constraints.py	DIAGNOSTIC	imports, string paths, scripts, workflows, tests, routes, and docs reviewed
tools/diagnostics/diagnose_neon_compute.py	DIAGNOSTIC	imports, string paths, scripts, workflows, tests, routes, and docs reviewed
tools/diagnostics/ipo/verify_resolved_symbols.py	DIAGNOSTIC	imports, string paths, scripts, workflows, tests, routes, and docs reviewed
tools/diagnostics/probe_ipomatrix.py	DIAGNOSTIC	imports, string paths, scripts, workflows, tests, routes, and docs reviewed
tools/diagnostics/verify_laser_live.py	DIAGNOSTIC	imports, string paths, scripts, workflows, tests, routes, and docs reviewed
tools/diagnostics/verify_live_feed.py	DIAGNOSTIC	imports, string paths, scripts, workflows, tests, routes, and docs reviewed
topout_online.py	UNKNOWN	tracked-file inventory; retained pending complete runtime-caller evidence
tsconfig.json	IN_USE	imports, string paths, scripts, workflows, tests, routes, and docs reviewed
uat-report/EXAMPLE-failure.html	UNKNOWN	tracked-file inventory; retained pending complete runtime-caller evidence
uat/fixtures/seed.json	UNKNOWN	tracked-file inventory; retained pending complete runtime-caller evidence
uat/serve.mjs	UNKNOWN	tracked-file inventory; retained pending complete runtime-caller evidence
uat/smoke.mjs	UNKNOWN	tracked-file inventory; retained pending complete runtime-caller evidence
uat/tests/_base.ts	UNKNOWN	tracked-file inventory; retained pending complete runtime-caller evidence
uat/tests/a11y.spec.ts	UNKNOWN	tracked-file inventory; retained pending complete runtime-caller evidence
uat/tests/complete-details.spec.ts	UNKNOWN	tracked-file inventory; retained pending complete runtime-caller evidence
uat/tests/journeys.spec.ts	UNKNOWN	tracked-file inventory; retained pending complete runtime-caller evidence
uat/tests/smoke.spec.ts	UNKNOWN	tracked-file inventory; retained pending complete runtime-caller evidence
uat/tests/visual.spec.ts	UNKNOWN	tracked-file inventory; retained pending complete runtime-caller evidence
workers/kite-broker-proxy/src/index.ts	IN_USE	imports, string paths, scripts, workflows, tests, routes, and docs reviewed
workers/kite-broker-proxy/wrangler.jsonc	IN_USE	imports, string paths, scripts, workflows, tests, routes, and docs reviewed
wrangler.jsonc	IN_USE	imports, string paths, scripts, workflows, tests, routes, and docs reviewed
